target_tg,sample_index,smiles,is_valid,is_unique
350.0,0,[*]c1ccc(OCCC(=O)CCCCCCCCCCCCCCCCCCCCCCCCCCCCCCCCC)c(NC(=O)c2cc([*])cc2C1=O,False,True
350.0,1,[*]C(=O)OCCC(=O)c1ccc2c(c1)C(=O)N(c1ccc(-c3cc(C(=O)N4ccc(C(=O)c5cc([*])cc5CC(C)(CC)C5=O)ccc4)cc3)cc1)C2=O,False,True
350.0,2,[*]CC([*])(C)C(=O)OC(=O)Oc1ccc(OC(=O)c2ccc(C)cc2)ccc1,False,True
350.0,3,[*]c1ccc(OC(=O)Oc2ccc(C([*])(C)C(CC)C)c(C)cc2OCCCC)cc1,False,True
350.0,4,[*]CC([*])(C)C(=O)OCCC(C)C1Cl,False,True
350.0,5,[*]c1ccc(-c2nnc(-c3ccc(-c4ccc(Oc5ccc(C([*])(C)C)cc4)cc3)cc2)cc1,False,True
350.0,6,[*]CC([*])(CC(=O)OCC(C#N)C(CC)C)C1,False,True
350.0,7,[*]C(=O)c1ccc(Oc2ccc([*])cc2C(=O)Oc2ccc(Br)c2)cc1,False,True
350.0,8,[*]OC1CC(CCCC(CC)C2CC(CC3CCCC(OC(=O)C([*])C(Cl)(C)C)(F)F)C12)cc1,False,True
350.0,9,[*]Oc1ccc(Oc2ccc(NC(=O)c3ccc(Oc4ccc(NC(=O)c5ccc(Oc6ccc(C([*])=O)cc6)cc5)cc5)cc3)ccc2)cc1,False,True
350.0,10,[*]CC([*])(C)C(=O)OCCCCCNc1ccc(C(=O)c2ccc(N=O)cc2ccccc2)C1,False,True
350.0,11,[*]CC([*])c1ccc(OCC)cc1,True,True
350.0,12,[*]C(=O)c1ccc2c(c1)C(=O)N(c1cccc(S(=O)(=O)c3ccc(N4C(=O)c5cccc(C([*])=O)cc5)cc3)o2=O)c1)ccc1)O,False,True
350.0,13,[*]CCC1CCC(C(=O)OCC(C)(C)C)C(Oc2ccc3c(c2)C1[*],False,True
350.0,14,[*]c1ccc2c(c1)C(=O)N(c1ccc(C(=O)c3ccc(C([*])(C(F)(F)F)F)cc3)cc1)C2=O,True,True
350.0,15,[*]C(=O)c1ccc2c(c1)C(=O)N(c1ccc(Oc3ccc(C([*])(C)CC)cc3)cc1)C2CC1=O,False,True
350.0,16,[*]Oc1ccc(OC(=O)CCCC(=O)Nc2ccc(Oc3ccc(OC(=[*])cc3)C2=O)cc1,False,True
350.0,17,[*]OC(=O)c1ccc(Cc2ccc(C([*])=O)cc2C2=O)cc1,False,True
350.0,18,[*]CC([*])(C)C(=O)OCCCCCCCCCCCOc1ccc(/C=N/c2ccc([N+](=O)[O-])cc2)cc1,True,True
350.0,19,[*]CCC(=O)NCCCC(=O)OCOCC([*])(C)CC)C(=O)OC1CCOCCC,False,True
350.0,20,[*]CC([*])(C)C(=O)OCCCCCCCCCCCCCCCCCCOc1ccc(-c2ccc(OCC)c(NCCOC(=O)c3ccc(=O)C4C3=O)c2cc1,False,True
350.0,21,[*]OCCCCCCCCCCCOC(=O)c1ccc(C2(c3ccc(CCC([*])=O)cc3)C2=O)cc1,False,True
350.0,22,[*]C(=O)NCCCCCN1C(=O)NCCC([*])CCCC(C)(C)CCC2)C1,False,True
350.0,23,[*]c1ccc2nc(COC(=O)c3ccc4cc(Cc5ccc5nc([*])s5ccc4)cc3)cc2)cc1,False,True
350.0,24,[*]OCCN1CCCOC2C(=O)c3cc(CCCC(COc4ccc(C([*])=O)cc4[N+]4)C1=O)c1,False,True
350.0,25,[*]Oc1ccc(S(=O)(=O)c2ccc(OC(=O)Oc3ccc(C(=O)Nc4ccc(C([*])(=O)OC)cc4)cc3)c2)c1,False,True
350.0,26,[*]CC([*])(C)C(=O)Oc1c(-c2ccc(/C=N/c3ccc([N+](=O)[O-])cc3)c3cccccc3C2)cc(C(c2)(C)c1,False,True
350.0,27,[*]CC([*])(C)C(=O)OCC,True,True
350.0,28,[*]C=Cc1ccc(OC(=O)CCCCCCCCCCCCCCCCCCCOc2ccc([*])cc2C2=O)cc1,False,True
350.0,29,[*]CCCC1C(=O)NCCCCCCCCC(=O)C1CCCN([*])C1=O,False,True
350.0,30,[*]CC([*])c1ccc(OCC(=O)CCCCCCCCCCOc2ccc(-c3nc4cc(-c5ccc(-c6ccc6ncccccc5=O)nc5-cc5ccccc4)cc3)c2c1,False,True
350.0,31,[*]NC(=O)Oc1ccc(C(=O)OCCCOCCC(=O)OP([*])(=O)OC,False,True
350.0,32,[*]Oc1ccc(OC(=O)c2ccc(Oc3ccc(Oc4cccc5c(c4)C(=O)N(c4ccccc(Oc7ccc(-c7ccccc([*])cc8C8=O)cc7)c6)ccc5)cc4c3)s2)cc1,False,True
350.0,33,[*]CC([*])(C)C(=O)OC(=O)c1cccc2c(c1)C(=O)OC2C(=O)N(CC(C)C(C)C2)C,False,True
350.0,34,[*]C=Cc1cc2c(c1c1c(c1cccc([*])cc1)CCCCCCCCCCC,False,True
350.0,35,[*]CC([*])(C)C(=O)OCCCC(=O)Nc1ccc(C)c(/N=N/c2ccc([N+](=O)[O-])cc2)cc1,False,True
350.0,36,[*]c1ccc(Oc2ccc(P([*])(=O)OCCCCCCCC)cc2Cl)cc1,True,True
350.0,37,[*]CC([*])(c1ccc(OCCCCC(C)C)cc1-c2ccc(C(=O)Oc3ccc(OC)ccc2)c1,False,True
350.0,38,[*]C(=O)Oc1cccccc1C(=O)Oc1ccc(Cc2c(c3ccc(NC(=O)c4cccc([*])cc4)cc3)cc2)ccc1,False,True
350.0,39,[*]CC([*])(C)C(=O)OCCOc1ccc(OC)cc1OCCCCOc1ccc(N2C(=O)c3cccccc2)cc1,False,True
350.0,40,[*]CC([*])(C)C(=O)Oc1ccc(-c2ccc(-c3cccc(-c4ccccc4CCCCCCCCCCCCNc3cc(C(C)cc4)ccc3)cc2)cc1,False,True
350.0,41,[*]CC([*])(C)C(=O)OCCCCCOc1ccc(/N=C/c2cccc(/N=N/c3ccccc([N+](=O)[O-])cc3)cc2)cc1,False,True
350.0,42,[*]C(=O)Oc1ccc(C(=O)c2cc(Oc3ccc(C([*])(C)C)cc3)cc2)cc1,False,True
350.0,43,[*]C=Cc1nnnc(-c2ccccc2)c(-c2ccc(-c3ccc(OCCCCCCCCC-c4cc(-c5ccc([*])cc5-ccc5)c5)cc4c3)c2)c1,False,True
350.0,44,[*]CC([*])(C)C(=O)OC(=O)OCC12,False,True
350.0,45,[*]C(=O)CCNC(=O)Oc1ccc(C(=O)Nc2ccc(C(=O)Oc3ccc([*])cc3OCCCCOc3cccc3)ccc2)ccc1,False,True
350.0,46,[*]c1ccc(OC(=O)OCCCCCCOc2ccc(C(=O)Oc3ccc(C([*])=O)cc3)cc2)cc1,True,True
350.0,47,[*]CC1CC2C(CCCCCCC(=O)NCC1C([*])CC(=O)CC1[*],False,True
350.0,48,[*]Nc1ccc(Oc2ccccc2-c2nnc2-c2cccc(-c3nc3cccc(Oc4ccc(/N=N/c6cccc([*])cc6)cc5)cc4)ccc3)n2)c1,False,True
350.0,49,[*]Oc1ccc(C(=O)c2cc(OCC(=O)c3ccc(C(=O)Oc4ccc(C(=O)c5cccc(Oc6ccc(Oc7ccc([*])cc7C6=O)cc5)cc3)cc2)cc1,False,True
350.0,50,[*]NCCCCCCNC(=O)OC(=O)Nc1ccc(C)c([*])c1)c([Si](C)(C)C,False,True
350.0,51,[*]CCCCCCCCCCN1C(=O)c2ccc3c(c2)C(=O)N(c2ccc(C=O)N(c4ccc(C([*])=O)cc5C4=O)cc1C2=O,False,True
350.0,52,[*]C1CCCC(=O)N(CCCCCCCCN2C(=O)c3ccccc3C([*])=O)C1=O,False,True
350.0,53,[*]c1ccc(OCCCCCOc2ccc(-c3ccc(C(=O)c4ccc(OCCCC(=O)Oc5ccc(C)c6c([*])nc6cccc6-cccc5)cc4)ccc2)cc1,False,True
350.0,54,[*]c1ccc(Oc2ccc(C(=O)OCC(c3ccc(Oc4ccc(C([*])(C)CC)cc4)cc4)cc3)cc2c(C#N)c2cc1,False,True
350.0,55,[*]C=C1C2C(c3ccc(OCC([*])=O)c3CCC3)c(C(=O)OC2)cc1,False,True
350.0,56,[*]c1ccc(CC(=O)OCCCCCCCCCCCCOC(=O)C([*])(C)C)cc1,True,True
350.0,57,[*]Cc1cc(OC(=O)c2ccc3c(c2)C(=O)N(CCCCCCCCCC(=O)N([*])C4=O)C3=O)cc1,False,True
350.0,58,[*]CCN1C(=O)c2ccc(C(=O)Oc3ccc(OC4(C(=O)Oc5ccc(C(C#N)C([*])=O)cc5C4=O)cc3)C2=O)cc1,True,True
350.0,59,[*]CC([*])(C)C(=O)OCC(F)(F)C(F)(F)C(F)(F)C(F)(F)C(F)(F)C(F)(F)F)c1F,False,True
350.0,60,[*]c1ccc(CCCCCc2cccccc2)c(C([*])(C)C#N)c(-c2ccc([O-](=O)[O-])cc2)cc1,False,True
350.0,61,[*]CCCCC(=O)NCCc1ccccc1C(=O)OC1CCC1C(=O)NNC([*])=O)cccc1C2=O,False,True
350.0,62,[*]CC([*])(C)C(=O)OC1=O,False,True
350.0,63,[*]CCCNC(=O)c1ccc(OCCCCCCCCC)N(C(=O)Nc2ccc(NC(=O)c3ccc([*])cc3)C2=O)ccc1,False,True
350.0,64,[*]CC([*])(C)C(=O)Oc1ccc(-c2ccc([N+](=O)[O-])cc2)cc1,True,True
350.0,65,[*]c1ccc(OC(=O)Oc2ccc(OC([*])(C)C)cc2)cc1,True,True
350.0,66,[*]Oc1ccc(Oc2cccc2Oc3ccc4c(c3)cc(Oc4ccc(Oc5ccc(Oc6ccc(-c7ccc(Oc8cccc(Oc8cccc(Oc9ccc9ccc(-c8c%10cc(c9)C(=O)N%111111c%1ccccc([*])C%1C8=O)cc%11110C%10=O)cccc7)cc7CC%10=O)cccc8)cc6-ccc5ccc5)cc5)CO)cc4)ccccccc3n2)c1,False,True
350.0,67,[*]CC([*])OCCC(=O)OC1C(OCOC(=O)C2CCCCC1C2C1CCCC2C2CC12(C1CC2)C(c3CCC2,False,True
350.0,68,[*]c1ccc(Oc2ccc(C3(c4ccc5c(c4)C(=O)Nc4cc(C(c5ccc(Oc6ccc(C([*])(C)C)cc7)cc6C6=O)c5)cc4C3=O)cc2C(F)(F)F)F)cc1,False,True
350.0,69,[*]CCCCCCCCCCCCCCCCC(=O)Oc1ccc(/C=C/C/c2c(C(=[*])CCC)cc1OCC,False,True
350.0,70,[*]C(=O)Nc1cccc(S(=O)(=O)CCCCCCNc2ccc(NC(=O)c3ccc([*])cc3S(=O)(=O)=O)cc2)c1,False,True
350.0,71,[*]Oc1ccc(C2(c3ccc(OC(=O)c4ccc(/C=C/c5ccc([*])cc5OCCCCCC)cc4)cc3)cc2)cc1,True,True
350.0,72,[*]CC1C(=O)OC2CCC(=O)N(CC(C)N2CC([*])OC3C(=O)C2C1)C(CC3)C12,False,True
350.0,73,[*]CC([*])(C)C(=O)OCC(C)CCCCCCCOc1cc(/N=N/c2ccc([N+](=O)[O-])cc2-])cc1,False,True
350.0,74,[*]c1cc(C)c(Oc2ccc(C3([*])c4ccc(-c5ccc(C(=O)OCCCCCCCC6CC5)cc4)cc3-ccc3c(-c3ccccc4ccccc3)cccc2-c1,False,True
350.0,75,[*]CC([*])(C)C(=O)OCCCCCOc1ccc(C(=O)Oc2ccc(C(=O)OCCCOC(=O)OC)cc2)cc1,True,True
350.0,76,[*]Oc1ccc(Oc2ccc(Oc3ccc(OC(=O)c4ccc(C([*])=O)c4)cc3)cc2)c1,False,True
350.0,77,[*]CC([*])C(=O)Oc1ccc(C(=O)c2ccccc2)ccc1,False,True
350.0,78,[*]CC([*])(C)C(=O)OCCCCCOc1cccc(C(=O)Oc2ccc(/N=N/c3ccc([N+](=O)[O-])cc3)cc2)cc1,False,True
350.0,79,[*]OCC(=O)OCCCCCCOC(=O)C(=O)C2CCCC(=O)NC([*])C1=O,False,True
350.0,80,[*]Oc1ccc2c(c1)C(=O)N(c1cccc(Oc3ccc(N4C(=O)c5ccc([*])cc5C4=O)c3)c1)C2=O,False,True
350.0,81,[*]CC([*])(C)C(=O)OCCCCCCCOc1ccc(-c2ccc(-c3ccc(-c4ccc([N+](=O)[O-])cc4)C(=O)O-cc3ccc3ccc3)c2ccccc12,False,True
350.0,82,[*]CC([*])(C)C(=O)Oc1cccc(/N=N/c2ccc(/N=N/c3ccc([N+](=O)[O-])cc3)cc2)cc1,False,True
350.0,83,[*]c1ccc(OCC(O)COc2ccc(C(=O)c3cc(Oc4ccc(-c5ccc5)cc5c(c5ccc(Oc6ccc(C([*])(C)C)cc7CCCC7=O)ccc7)c5)cc4)cc3)ccc2cc1,False,True
350.0,84,[*]CC([*])OC(=O)c1ccc(C(=O)OCC(C)C)cc1,True,True
350.0,85,[*]CCCCC(=O)Nc1ccc(C(=O)Oc2ccc(CCC([*])(C)C)cc2)cc1,True,True
350.0,86,[*]c1ccc(OC(=O)c2ccc(C(OCCCCCCCOC(=[*])COC(C(=O)/C(=C/C/c3cc(/C#N=N/c4ccc(/c5cc(/c6cccccc7)ccc6)c5)ccc4)cc3)cccc2)cc1,False,True
350.0,87,[*]Cc1ccc(OC(=O)CCC(=O)Nc2ccc(C(=O)Oc3ccc(CC(=O)Nc4ccc(CC([*])C)cc3)cc2)cc1,False,True
350.0,88,[*]c1ccc(CCC(O)CCOc2ccc(/C=C/C=C/c3ccc(OCC([*])(C)Oc4c(C#N)cc4)cc3)C(=O)CCCCCCCCCC(CCCCCN)cc2)cc1,True,True
350.0,89,[*]c1ccc(OC(=O)Oc2ccc(C([*])C)cc2)cc1,True,True
350.0,90,[*]c1ccn(C)c(CC(=O)Oc2c(C(=O)Oc3ccc(C)c(C([*])(C)C(F)(F)CCC)C4=O)cc3C3=O)cc2C1C,False,True
350.0,91,[*]Nc1ccc(Cc2ccc(NC(=O)NCCCCCCCCCCCCCN3C(=O)c4ccc(NC(=O)c5ccc(C([*])=O)c5C4=O)c3)cc2SC1=O,False,True
350.0,92,[*]CCCCCCCCCCCN1C(=O)c2ccc(N3C(=O)c4ccc(C([*])=O)cc4C3=O)C1=O,False,True
350.0,93,[*]CC([*])(C)C(=O)OCCCCCC(=O)Oc1ccc(C#N)cc1OC2CCCCCCCCC2C(C)C(C)C2)CCC,False,True
350.0,94,[*]CC([*])c1ccccc1C(=O)OCC1,False,True
350.0,95,[*]OCCCCCCCCCCCCOc1ccc2c(c1)C(=O)N(c1ccc(OCOC(=O)c3cccc(C([*])=O)cc3)cc1)C2=O,False,True
350.0,96,[*]c1ccc2c(c1)C(=O)N(c1ccc(OCCCCCCCCCC)c(-c3ccc(C([*])(C#N)C(=O)c4ccccc5cc4)cc3)cc1)C2=O,False,True
350.0,97,[*]C(=O)c1ccc(Oc2ccc(Oc3ccc(S(=O)(=O)OCCOc4ccc(C([*])=O)cc5C4=O)cc3)cc2C1=O,False,True
350.0,98,[*]CC([*])(C)C(=O)OCCCCCOc1nc(/C#N)c(C#C#N)c1,False,True
350.0,99,[*]C(=O)c1ccc(OC(=O)c2ccc(C(=O)Oc3ccc(C([*])=O)cc3)cc2)cc1,True,True
350.0,100,[*]C(=O)Nc1ccc(Oc2ccc(C([*])=CCccc(-c3ccc(-c4ccc(C(F)(F)F)c5ccc([N+](=O)[nH])(C)c5)cc(C)cc4)cc3)cc1,False,True
350.0,101,[*]OCCCCCN(COC(=O)C([*])=O,False,True
350.0,102,[*]CC([*])(C)C(=O)OCCCCC1Cl,False,True
350.0,103,[*]C(=O)c1ccc(OCCCCC)c(C(=O)c2cc(Oc3ccc(C([*])(C)C)cc3)cc2)cc1,False,True
350.0,104,[*]CCCCCCCCC(=O)Nc1cccc(C(=O)c2ccc2)c2ccc(OCCCCCCOc3ccc(N4C(=O)c5ccc([*])cc5C4=O)cc2)c1,False,True
350.0,105,[*]Oc1ccc(C2(c3ccc(OC(c4ccc(OC([*])=O)cc4)c3Cl)ccc2)C1,False,True
350.0,106,[*]OC(=O)c1ccc(-c2ccc(C([*])=O)cc2)c2c(OCCCCCCCCCCC)cc(C(=O)Nc3ccc(C(=O)c4cccccc(C9CCC(CCCCCCCCC)ccc6ccccc6CCCC(CC)cc5)cc4)c2CC1,False,True
350.0,107,[*]C(=O)Nc1cccc(C(=O)c2ccc([*])cc2Oc2ccccc2)cc1,False,True
350.0,108,[*]C1C(=O)N(C)CCOC(=O)c2ccc(C(=O)c3ccc(C(=O)CCC(=O)Nc4ccc(C([*])(C)C)cc4C3=O)cc2)c(C)C)cc1,False,True
350.0,109,[*]N=Nc1ccc(CCCCCCCCCCCCCC(=O)OCCOC(=O)C([*])C(=O)OCCCCCCC,False,True
350.0,110,[*]C(=O)NCCCCCCCNc1c([*])cc(NC(=O)c2ccc(Oc3ccc(C(=O)c4ccccc45ccc3)cc2)c(C(=O)N(C)=O)c1,False,True
350.0,111,[*]C(=O)c1ccc2c(c1)C(=O)N(c1ccc(Oc3cccc(C4(=O)c5ccc([*])cc5)cc4)cc3)ccc1-2,False,True
350.0,112,[*]CC([*])(C)C(=O)OCc1ccc(/N=C/c2ccc(/N=N/c3ccc([N+](=O)[Si])cc3)c([O-])c(Br)c2)ccc1,False,True
350.0,113,[*]c1ccc(-c2ccc(-n3cc(=O)c4c(-c5ccc(S([*])(=O)=O)=O)cc5)ccc4-c3cccc3C(F)(F)F)FC(F)(F)(F)F)cc2=O,False,True
350.0,114,[*]CC([*])(C)C(=O)OC1CCC1CCCCC1,False,True
350.0,115,[*]CC([*])C(=O)Oc1cc(C(=O)OCCOCCC(C)(CC)C1)ccc1C1C(=O)Occcc(CC(=O)Oc1cc(C)c(C)cc1,False,True
350.0,116,[*]CC([*])(C)C(=O)OCc1ccc(/C=C/N/c2ccc([N+](=O)[Si](C[O-])(C#N)[O-])cc2)cc1,True,True
350.0,117,[*]CC([*])C(=O)OCCOc1cccc(OC2CC3C4CCC3C2)cc1,False,True
350.0,118,[*]C(=O)Nc1cccc(Sc2ccc(OCCCCCCCCC)c(S(=O)(=O)c3ccc4c(c3)CC(=O)N(c3cccc([*])cc3C4=O)cc2)c1,False,True
350.0,119,[*]Oc1ccc(OC(=O)c2ccc(Oc3ccc(OCC(CC)COc4ccc(C5(=O)c6ccc(C(=O)Nc7ccc([*])CC7=O)cc6)c4)c3C2=O)c(CCCCC)c1,False,True
350.0,120,[*]OC(=O)c1cccc(OCCCCCCCCCCCCOC(=O)OC(=O)NC([*])C(=O)OCCCC(C)CCCCN2)cc1,False,True
350.0,121,[*]CC([*])(C)C(=O)OCC1C1C2OC1CC2CC2C(=O)C1,False,True
350.0,122,[*]CC([*])C1C(=O)OCCCCC(=O)C1CCCN1,False,True
350.0,123,[*]CCCCCCCCC(=O)Nc1ccc(-c2ccc(NC(=O)CCC(=O)Nc3ccc(C([*])=O)cc3)cc2)cc1,True,True
350.0,124,[*]C=CC1C(=O)OCCCCC(=O)Oc2ccc(C([*])=O)cc2)c(CCC1,False,True
350.0,125,[*]CCCCCN1C(=O)c2ccc(-c3ccc(CC(=O)Oc4ccc(C([*])=O)cc4)cc3)cc2ccccccc2)c1,False,True
350.0,126,[*]CC([*])(C)C(=O)OCCOc1ccc(Oc2ccc(C(=O)Oc3ccc(OC)cc3)cc2OC(=O)OC(=O)OCCOc2cc(/C(=O)Nc3cc(OC(=O)c4cc(C)ccc4ccc(C(C)(C)cc4)cc3)cc2)ccc1,False,True
350.0,127,[*]Oc1ccc(P(=O)(c2ccccc3NC(=O)Oc2ccc(C3([*])=O)cc2)cc1,False,True
350.0,128,[*]Oc1ccc2c(c1)C(=O)N(c1ccc(Cc3ccc(Oc4ccc(N5C(=O)c6ccc([*])cc5C4=O)cc3)cc1)C2=O,False,True
350.0,129,[*]Nc1ccc(-c2nnc(-c3ccccc3)c(-c3scccc(-c4ccc(-c5nnc/C=N/c6ccc(-c7ccccc(-c8ccccc(S([*])(=O)=O)ccc7)ccc6)co5)cccc45-cc4ccccc4ccc3)c2)c1,False,True
350.0,130,[*]CC([*])(C)C(=O)OCCCCCCCN(CCCCCC(=O)OC1C(=O)c2cccc(/C=N/c3ccc([Si](C)C5CC3)cc2)c1,False,True
350.0,131,[*]C=Cc1cccc(/C=C/c2ccc(OCCCCCCCCCC4C(c5ccc(CC(c6ccc(CCCC(=CCC(C#N)C)C(C)CC)cc6ccc(=[*])c7[N+](=O)(CCCCCC)C7)cc6)c5)ccc4)c2c1,False,True
350.0,132,[*]c1ccc(-c2nnc(-c3ccc(-c4ccc(C([*])(CCCC)cc5)cc4)s3)cc2)c(C(=O)n1,False,True
350.0,133,[*]Oc1ccc(OC(=O)c2cccc3c(c2)C(=O)N(c2ccc(N4C(=O)c5ccc([*])cc5C4=O)cc2)C3=O)cc1,False,True
350.0,134,[*]c1ccc(-n2c(=O)c3ccc(Oc4ccc(-c5ccc(-c6ccc(C([*])(C)C)cc6)ccc5)cc4)ccc3c2C1=O,False,True
350.0,135,[*]COC(=O)Nc1ccccc1C(=O)OC([*])C(=O)C1,False,True
350.0,136,[*]CC([*])(C)C(=O)OCOc1ccc2c(c1)C(=O)N(c1ccc(OCCOCC(COCC3)ccc2)cc1)cc1cccc1OC2cccc(Oc1cc(C)(C)CC)c1,False,True
350.0,137,[*]CC([*])(C)C(=O)OCCCCCCCCCCCCCCS1C(=O)C1,True,True
350.0,138,[*]c1ccc2c(c1)C(=O)N(c1cc(OCCCCCCCCCOc3ccc(OCCOc4ccc(C([*])(C(F)(F)F)cc4-ccc5ccccccc43)cc1C2=O,False,True
350.0,139,[*]Oc1ccc2c(c1)C(=O)N(c1ccc(OCCCCOc3ccc(N4C(=O)c5ccc([*])cc5C4=O)cc3)cc1)C2=O,True,True
350.0,140,[*]c1cc(C)c(N(CCCCCC)c2ccc(CCCCCCCc3ccc(C4([*])cc4-c4ccc(C)cc4)s3)ccc2)cc1,False,True
350.0,141,[*]Oc1ccc(S(=O)(=O)c2ccc(OCCOCCCCCCCCCCOc3ccc(C(=O)OC(=O)Oc4ccc(S(=O)(=O)(c5ccc(CC#N)C([*])=O)c5)cc4)c3)C2=O)cc1,False,True
350.0,142,[*]CCCCCCC(=O)NCc1ccc(C(=O)Oc2ccc(C(=O)c3ccc(NC(=O)N([*])C(=O)OCCC)cc3)cccc3)cc1,False,True
350.0,143,[*]N=P([*])(NCCCCCCCCCCCCCNC(=O)OCCNC2COCCCCCC(=O)c3ccccc(/N=N/c4cccc([N+](=O)[O-])cc3)C2)cc1,False,True
350.0,144,[*]C(=O)c1ccc(Oc2ccc(C(=O)Nc3ccc([*])cc3C(=O)C3=O)cc2)cc1,False,True
350.0,145,[*]CC([*])(C)C(=O)OCCC(C)COCCO1C(=O)N(C)C2CC1,False,True
350.0,146,[*]/CC(=[*])Cc1ccccc1,True,True
350.0,147,[*]OC(=O)OCCCCCCCCCCOc1ccc(C(=O)Oc2ccc(C(=O)OCC(=O)OC([*])CCC)cc2)cc1,True,True
350.0,148,[*]CC([*])(C)C(=O)OCc1ccc(C(=O)Oc2ccc(C(=O)N(CC(=O)CCCCCC)C)cc2)cc1,True,True
350.0,149,[*]OC(=O)c1cccc(OCCCCCC)c2c(CCC([*])C)cc1,False,True
350.0,150,[*]C=C(C#N)C(=O)OCCCC2CC(=O)NC(CCCOC([*])=O,False,True
350.0,151,[*]C=CC1CC(=O)Oc2ccc(OCC([*])C3(C(C)(C)C(C)(C)C)cc2)cc1,False,True
350.0,152,[*]c1ccc(OC(=O)Nc2ccc(C3(=O)N(c4ccc(C([*])(C)CC)cc4)cc3)cc2)cc1-ccc1,False,True
350.0,153,[*]Oc1ccc(C(=O)c2ccc3c(c2)C(=O)N(c2ccc(OCCCCCCCCCCCCCCOc4cccc(N5C(=O)c5ccc(C([*])=O)cc6C5=O)c4)c3C2=O)ccc1,False,True
350.0,154,[*]c1ccc2c(c1)C(=O)N(c1ccc(OCCCCCCN3C(=O)c4ccc([*])cc4C3=O)cc1)C2=O,True,True
350.0,155,[*]Nc1ccc(Oc2ccc(C3(c4ccc(Oc5cccc(NC(=O)OCCCCCO)c5ccc6nc(C([*])=O)cc6C6=O)ccc5)cc3)cc2)ccc1,False,True
350.0,156,[*]C(=O)c1ccc(Oc2ccc(OCCCCCC(=O)c3cccc4c(c3)CC(=O)N(c3cccc(Oc5ccc(N6C(=O)c7ccc([*])c7C7=O)ccc5)c4)C4=O)cc3C2=O)cc1,False,True
350.0,157,[*]Nc1ccc(Oc2ccc(-c3ccc(Oc4ccc(S([*])(=O)=O)cc5)cc4)C(=O)Oc3cccccc3C(F)(F)F)c(-c3cccccccccccc3C2)cc1,False,True
350.0,158,[*]CC([*])(C)C(=O)Nc1ccc(-c2ccc(/N=C/c3ccc([N](=O)[O-])cc3)cc2)c1,False,True
350.0,159,[*]CC([*])(C)C(=O)OCCCCCCCCCCCCCCCCCCCCCCCNC(=O)c1ccc(OCOCCCCCCC)cc1,True,True
350.0,160,[*]C(=O)OCNc1ccc(C(=O)c2cc(OC(=O)c3ccc([*])cc3)cc2)cc1)c1,False,True
350.0,161,[*]C(=O)Nc1ccc(C(=O)c2c(Ccc(C(=O)c3cc(Oc4ccc(-c5ccc(S([*])(=O)=O)=O)cc4)cc3)cc2)ccc1,False,True
350.0,162,[*]C#C(=O)Nc1cc(OCCCCCCCCCCC(=O)Oc2ccc(C(=O)c3ccc(OC)c([*])cc3Br)c(/C=C/C=C/c2)cc1)C,False,True
350.0,163,[*]CC([*])(C)C(=O)OCCCCCCOc1cccc(C(=O)Oc2ccc(OC(=O)c3ccccc3)cc2)cc1,False,True
350.0,164,[*]c1ccc(Oc2ccc(-c3ccc(-c4nnn(-c5ccc(Oc7ccc(Oc8ccc9c([*])cccc9c7)ccc7)nc6)cc4)cc3)cc2)cc1,False,True
350.0,165,[*]CC([*])(C)C(=O)OCCCCCCCOC(=O)OCCC1CCC(=O)OC(=O)OCC1(C)(C)COC)C1,False,True
350.0,166,[*]CC([*])OC(=O)c1ccc(N(C(=O)c2ccc(OCCCOC)cc3)cc2)cc1,False,True
350.0,167,[*]c1ccc(OCCCCCCCCCC(=O)Oc2ccc(CCC(=O)c3ccc(CNC([*])=O)cc3)cc2-cc2ccccc2)cc1,False,True
350.0,168,[*]C=Cc1ccc(C)c2ccc(-c3ccc(CCCCCCCCCCCCCC)c([*])cc3C)cc2C1=O,False,True
350.0,169,[*]CC([*])(C)C(=O)OCCCN(CCCCCCCCCCCCN(=O)c1ccc(C(=O)OCC2=CC3CCC(CCC(C)(C)C)C2)cc1-ccc1C,False,True
350.0,170,[*]C(=O)Nc1ccc(OCCOC([*])=O)cc1,True,True
350.0,171,[*]CC([*])(C)C(=O)OC1CCC2CCCC2C3C(CCC4C3C2)CC(OC2C12,False,True
350.0,172,[*]Oc1ccc(C(c2ccc(OC([*])=O)cc2)cc1,False,True
350.0,173,[*]C=Cc1ccc(/C=C/c2ccc([Si](C)(C)Oc3ccc(Cc4cccc([*])cc4/C=C=C/cc3)c3)cc2)cc1,False,True
350.0,174,[*]c1ccc(OC(=O)OCCCCCCC(=O)Oc2cccc(Cc3ccc([*])cc3)cc2)cc1,False,True
350.0,175,[*]CC([*])(C)C(=O)OCCCCCC(=O)c1ccc(-c2ccc(C(=O)N(c3cccc(C#N)cc3)cc2)cc1,False,True
350.0,176,[*]Oc1ccc(OC(=O)COc2cccc(C(=O)Oc3cc(Oc4ccc(C([*])=O)cc4)C(OC(C)CCOC)cc3)c2)cc1,False,True
350.0,177,[*]C(C(C)CC)=C(C)N(C(=[*])C(=O)(C)CC1(C)CCn1C,False,True
350.0,178,[*]c1ccc(OCCOCCOC(=O)S(=O)(=O)OCCOc2ccc(-c3ccc(Oc4cccc([*])cc4)cc3)(C)cc2)cc1,False,True
350.0,179,[*]Oc1ccc(OC(=O)CCCCCC(=O)Oc2ccc(CC(=O)Oc3ccc(C)c([*])cc3OC)cc2)cc1,False,True
350.0,180,[*]c1ccc(OC(=O)COC1COC(C2(C([*])=O)C3)C2)cc1,False,True
350.0,181,[*]CC([*])(C)C(=O)OCCCCCCOc1ccc(/C=N/c2ccnc([N+](=O)[2)cc2)cc1,False,True
350.0,182,[*]CC(=O)OCC(=O)N(c1ccc(/C=C=C/C=C/C=C/c2ccc(/C#N)cc2)cc1)(c2ccc(N=Nc3ccccc([N+](=O)c3cc4cccc3)cc2ccccc2)C1=N/C=N+](C#N)=C/C#N)cc1=CC/cc1ccccc12)OC%1C(=N)c(C)cccc1=N([*],False,True
350.0,183,[*]Cc1ccc(Oc2ccc(C(=O)NCC(=O)OC([*])CCC)cc2)cc1,True,True
350.0,184,[*]CC([*])(C)C(=O)OCCCCCCCCCCCCCOc1ccc2ccc(OC(=O)c3ccccc3-c3ccccc(CC(=O)Nc3ccccccc3)cc2cc1,False,True
350.0,185,[*]NC(=O)CNCCCCCCCCCCCCCNC(=O)c1ccc(CCCc2ccc(/N=C/c3cccc([*])cc3)cc2)cc1,False,True
350.0,186,[*]CC([*])(C)C(=O)Oc1ccc(-c2ccccccc22c2ccc2ccccc2)cc1,False,True
350.0,187,[*]CC([*])(C)C(=O)OC1CCC2C1,False,True
350.0,188,[*]Oc1ccc(C(c2cccc(OC(=O)c3cccc(CC4CCC([*])(C)C3C)cc3)cc2)c(-c2c(F)c2ccc1,False,True
350.0,189,[*]C(=O)Oc1ccc(C(C)(C)cc(C)c2ccc(Oc3ccc(C(Oc4ccccc(N5C(=O)c6ccc(C([*])(C(F)(F)F)F)cc6)C(F)F)c4C3=O)c2)cc1,False,True
350.0,190,[*]c1ccc(-c2ccc(-c3ccc(C([*])(C)C)cc3)o2)s1,True,True
350.0,191,[*]c1ccc(-c2ccc(-c3ccc(-c4ccc(-c5ccc([*])o5)s4)s3)cc2)s1,True,True
350.0,192,[*]Nc1ccc(CCCNC(=O)c2ccc(Oc3ccc(NC(=O)c4ccc(C([*])=O)cc5C(F)(F)C(F)F)cc4F)cc3C2=O)ccc1,False,True
350.0,193,[*]Oc1ccc(OC(=O)c2ccc(C([*])=O)cc2C2C2CCOC2)cc1CCCCC2=O,False,True
350.0,194,[*]CCCCCC(=O)Oc1ccc([Si](C)(C)Oc2ccccc2c(c2)C(=O)N([*])C(=O)CC)cc1,False,True
350.0,195,[*]C=C(=O)OC(c1ccc(-c2ccc([Ge+]c3)c([*])cc2C)ccc1CCC1,False,True
350.0,196,[*]CCC(=O)NCCCCCCCC(=O)OC(=O)Nc1ccc(CNC(=O)C(CC(C)OCC(=O)NC([*])C(=O)CC)C(F)(F)F)cc1,True,True
350.0,197,[*]c1ccc(O[Si](c2ccc(C([*])(C)CC)c2)cc2)c(C)c(C)c1,False,True
350.0,198,[*]c1ccc(OC(=O)OCCCCCCCCCCCCCOc2ccc(-c3ccc(-c4ccc(-n5c6ccc6)cc([*])cc57ccccc5)cc3)s2)ccc1,False,True
350.0,199,[*]CC([*])C(=O)OCC1CCCC2CCCOC)cc1,False,True
350.0,200,[*]CCCCCCCCC(=O)Oc1ccc(C(=O)Oc2ccc(C([*])=O)cc2)cc1OCCCCC(CCCCC)CCCOc1,False,True
350.0,201,[*]c1ccc(N(C)CCCCCN(c2ccc(Oc3ccc(/C=C#N)cc3)cc2)cc1-c1ccc(/N=C/c2cccc(/C=C([*])=O)c2)ccc1,False,True
350.0,202,[*]c1ccc(Oc2cccc(NC(=O)c3ccc(OCCCCCOc4ccc(C(=O)N([*])CCC5=O)cc4CBr)cc3)c2)cc1,False,True
350.0,203,[*]CC([*])(C)C(=O)OCCC1CCCCC1,True,True
350.0,204,[*]C1CC(=O)N(CCC(=O)OCc2ccc(C([*])(C)C)cc2)cc1,True,True
350.0,205,[*]CC([*])(C)C(=O)OCCCCCCC1=O,False,True
350.0,206,[*]OC(=O)CCN1CCCCC(C2(=O)OC(OC(=O)CC(=O)COC1COCCOCC(=O)CN1C(=O)S(=O)=O)NC(=O)C(C(=O)C4C(=O)C([*])OOC1=O,False,True
350.0,207,[*]ClCCCC(=O)OCC(=O)NCCCCCCCCCCCCCCOc1ccc(-c2ccc(/C=C/c3ccc(C#N)cc3)cccc2)C(=O)OC(CC([*])=O)cc1,False,True
350.0,208,[*]CC([*])(C)C(=O)OCCCCCOc1ccccc1,True,True
350.0,209,[*]=C1CP(=[*])(CCCc2cccccc2-c2cccc3c(c2)cc1)C(=O)N(CCCCCCCCCC)(=O)CC)C)C(=O)N(C(=O)C12CCC(=O)C,False,True
350.0,210,[*]c1ccc(OC(=O)Oc2cccc(-c3ccc(-c4ccc(Oc5cccc(Oc6cccc(C(c6cccc%10cc(C(=[*])(C)C)c9cccc6)c6)ccc5)[nH]4)ccccc4)cc3)cc1,False,True
350.0,211,[*]CCCCC(=O)NCCCCCCCCC#NC(=O)CCCCC1C(=O)N(C#N)C(=O)OC(=O)C(C)C(=O)C1C(=O)OC(=O)C)CCOC2C([*],False,True
350.0,212,[*]OCCCCS(=O)(=O)c1ccc(OCCCCCCCCCCOc2ccc(-c3ccccc3OC(=O)NC([*])=O)cc2)c1,False,True
350.0,213,[*]OCCCCN(=O)c1ccc(C2/c3ccc(OCCC([*])=O)cc3)cc2OC(=O)C2)(cc2cccc1,False,True
350.0,214,[*]C=CC1=CC(C#N)C=C(F)(F)F(F)Fc2cc(-c3ccc(C([*])(F)C(F)(F)F)C(F)(F)(F)cc2ccC(F)(F)F,False,True
350.0,215,[*]c1ccc(OCCCC(=O)Oc2ccc(C(=O)Oc3ccc(S(=O)(=O)c4ccc(OCCCCCCCOCCCC3=[*])cc3)cc2OCCCCCCCCCCCCCC)c1,False,True
350.0,216,[*]CC(O)c1cccc2c(c1)C(=O)N(c1ccc(Oc3ccc(OC(=O)c4ccc(C(=O)c5ccc(C([*])(C(C)C)cc6)cc5C4=O)cc3)cccc2)cc1)CC1=O,False,True
350.0,217,[*]c1ccc(-c2ccc(C(=O)c3ccc(OCCCCCC)c([*])c(CC)c4)s3)cc2-ccc2cccccccc1,False,True
350.0,218,[*]c1ccc(OCCCCCCOc2ccc(-c3nc(-c4ccc(CCCC)c([*])s5)s4)cc3)s2)cc1,False,True
350.0,219,[*]NC(=O)CCCCCCCCCCN(=O)c1cc([*])ccc1/N=N/c1cccc([N+](=O)c1)CC,False,True
350.0,220,[*]CC([*])(C)C(=O)OCCCCCCCCCCCCCOc1ccc2cc(/N=N/c3ccc(OC)cc3)ccc2ccc1,True,True
350.0,221,[*]Cc1ccc(OC(=O)CCC(=O)Oc2ccc(CC(=O)OCCCCCCCCC)c([*])cc2S(=O)OCC)c1,False,True
350.0,222,[*]C(=O)c1ccc2c(c1)C(=O)N(c1ccc(Oc3ccc(C(c4cccc(S(=O)(=O)c5ccc(Oc6cccc(C([*])=O)cc6)c5)ccc5)cc4)ccc3)c1)C2=O,False,True
350.0,223,[*]Oc1ccc(C2(c3ccc(Oc4ccc4)C(=O)N(c3ccc(Oc5ccc(Oc6ccc(Oc7ccc(N8C(=O)cc%1Occc(N9C([*])=O)cc%1,False,True
350.0,224,[*]OCCCCCOC(=O)c1ccc(C(=O)N([*])CC)cc1,True,True
350.0,225,[*]NCCCCCCC(=O)c1ccc(CCCCCCCCCC(=O)NC([*])=O)cc1,True,True
350.0,226,[*]Oc1ccc(Oc2ccc(OC(=O)c3ccc(Oc4ccc(Oc5ccc(NC(=O)c7ccc([*])cc9C7=O)cc6)cc5)cc4C3=O)ccc2)C1,False,True
350.0,227,[*]CC([*])(C)C(=O)OCCOc1ccc(C(=O)Oc2ccc(OC(=O)c3ccc(OCCCC)c3)cc2)cc1,False,True
350.0,228,[*]C(=O)NCCc1ccc(NC(=O)OCCCS([*])(=O)C,False,True
350.0,229,[*]CC([*])(C)C(=O)OCCCCCCOc1ccc(OC(=O)c2ccc(OCCCCC)cc2)cc1,True,True
350.0,230,[*]C(=O)Nc1ccc(OCCOCCNC([*])=O)cc1,True,True
350.0,231,[*]c1ccc(-c2ccc(-c3ccc(OCCCCCCCCCCOc4ccc(-c5ccc(NC(=[*])[N+](=O)[N+])[O-])cc4)cc3)cc2)cc1,False,True
350.0,232,[*]Oc1ccc(C(=O)c2ccc(C(=O)c3ccc(Oc4ccc([*])cc5-cc4)cc3)cc2)ccc1,False,True
350.0,233,[*]C(=O)c1ccccc1C(=O)NCCC([*])CCCCCCCCCCCCC1,False,True
350.0,234,[*]NC(=O)OC(=O)OCCC(=O)OC(C)C([*])=S,True,True
350.0,235,[*]c1ccc(Oc2ccc(C(=O)c3ccc(Oc4ccc(-c5ccc(-c7ccc(-c8c(-c8cccc([Si]([*])(C)(C)C)CC)c7)ccc(CCC8)cc7)c6)c5)cc5cc4)cc3cccc(Oc3)cc2)c1,False,True
350.0,236,[*]CC([*])(C)C(=O)OCCC(=O)Oc1ccc(Br)cc1C(=O)OC(C)(C)C)C1,False,True
350.0,237,[*]c1ccc(OC(=O)c2ccc(C(=O)Oc3ccc(-c4ccc(-c5ccc6c(c5)C(=O)N(c5ccc(([*])cc6-c5ccccc6)C6=O)cc45)C)cc3=O)c(C(F)(F)(F)F)C(F)F)c3C2=O)c1,False,True
350.0,238,[*]CC([*])(C)C(=O)OCCCCCCCCCCCOc1ccc(/N=N/c2ccc([n+](=O)[O-])cc2)cc([Si]2c2)cc1,False,True
350.0,239,[*]c1ccc(Oc2ccc(Cn3ccc(Oc4ccc5c(c4)C(=O)N(c4cccc(Oc6ccc7ccc(Oc7ccc(C([*])(C)s8)c6)ccc6)c5)ccc4)cc3)cc2)cc1,False,True
350.0,240,[*]Nc1ccc(Oc2cccc3nc(-c4ccccc5c(-c6ccc(NC(=O)c7ccc(C(=O)Nc7cc(C([*])=O)cc8)cc7)cc6cc5C4=O)c3)ccc2)ccc1,False,True
350.0,241,[*]Nc1ccc(OCCCCOC(=O)N(CCC(=O)COc2ccc(OC([*])=O)cc2OC)cc1,False,True
350.0,242,[*]CC([*])(C)C(=O)OCCOc1ccc(Cl)cc1OC(=O)OCCCC)cc1,False,True
350.0,243,[*]CC([*])(C)C(=O)OCCCCCCCCCCCCCCCCS(=O)=O,True,True
350.0,244,[*]CC([*])(C)C(=O)OC(=O)/Cc1ccc([N+](=O)[O-])ccc1,False,True
350.0,245,[*]Cc1cc(OC(=O)c2ccc(C(=O)OC(=O)c3ccc(-c4ccc5nc(-c6cccc(C(C([*])C)cc6cccccc6)cc5)cc5)cccc3)c2)cc1,False,True
350.0,246,[*]CC([*])(C)C(=O)OCCCC,True,True
350.0,247,[*]C(=O)Nc1cccc(C(=O)OCCCC(C)C(=O)Nc2ccc([*])cc2-c2cccc2)cc1,False,True
350.0,248,[*]C=Cc1ccc(OCC(=O)c2c(Cc3cc(-c4ccc(C([*])(C)CCCC)cc5)c(C(C)C)c4)cc3)cc2)c1,False,True
350.0,249,[*]C(=O)N(c1ccc(C(=O)c2cccc3c(CC([*])(C)C)cc2)cc1[N+](=O)[Si],False,True
350.0,250,[*]CCNC(=O)c1cccc(CCCCCCCCCCCCCCCCCCCCCCCCCCC)c(S(=O)(=O)c2c(C(=[*])=O)cc1,False,True
350.0,251,[*]CC([*])(C)C(=O)OCC1C(C)CCC1CC,True,True
350.0,252,[*]CC([*])C(=O)OCCCC1C2CC(C#N)C(C)C2(c3ccccc3-c3ccccc3)c2ccccc1OC,False,True
350.0,253,[*]CCCCCCC(=O)Nc1ccc(-c2ccc3[nH]c(-])c3cccc3-c2cccccc3-c3ccccc(N3C(=O)c4ccc4C(=O)N(c5cc(C([*])=O)ccc4)cc3C3=O)c1C2=O,False,True
350.0,254,[*]CCC(=O)OC(=O)CCCCCC(=O)CC(C([*])(C)C)C1,False,True
350.0,255,[*]CC([*])(C(=O)Oc1ccccc1)C(=O)Oc1ccc(P(=O)(=O)Oc2cccc(OCC)cc2)cc1,False,True
450.0,0,[*]c1ccc2c(c1)C(=O)N(c1ccc([*])cccc1C(CCCCC)c1)c(Oc2ccc(N3C(=O)[Si](C)(C)C)[O-])cc2H]([O-]2c3ccc([N+](=O)[O-])cc3)cccc1)C2)cc1,False,True
450.0,1,[*]CC([*])(C)C(=O)OC(C)(C)C(=O)OCCC(=O)OC(C)(C)C(=O)OC(C)C1,False,True
450.0,2,[*]CC([*])(C)C(=O)OC1C(=O)CCC1CCCOCCOC(CN2C(=O)C(NC(=O)CO)c3ccccc(S(O)=O)cc3)cc2)cc1,False,True
450.0,3,[*]c1ccc(Oc2ccc(-c3ccc(/C=C/C/C(=O)C4C4CCCCCCCN(C(=O)Nc5ccc(Oc7ccc(Oc8ccccc(C([*])(C)C)CCC8CC7=O)cc6)o4)cc3)C2=O)c1,False,True
450.0,4,[*]Oc1ccc(Oc2ccc(Oc3ccc(Oc4ccc(C([*])=O)cc4)cc3)C(=O)Cac3cc(-c4cccccc([n+](=O)(F)(F)F)cc4)cc3)cc2)cc1,False,True
450.0,5,[*]Oc1ccc(OC(=O)c2ccc(C(=O)Oc3cccc4ccc3)c(OCCOc3ccc(N4C(=O)c5ccc(C([*])=O)cc5)ccc4OC4=O)cc3)cc2)c1,False,True
450.0,6,[*]CNC(=O)c1cccc(CCCCC(=O)OCC(CCC(=O)OC([*])C(=O)CCOCC(C)O)C12,False,True
450.0,7,[*]CC([*])(C)C(=O)Oc1ccc(-c2ccc(OCCC(=O)Oc3ccc(OC(=O)OCc4cccc(-c5cccccc(/C=C=CC(CC)CCC(CC)CC5)c4)cc3)cc2)c1,False,True
450.0,8,[*]CC([*])(C)C(=O)OCC1F,False,True
450.0,9,[*]CC(CC(=O)Nc1ccccc1)C(CCC(=O)N(CC([*])(C)C)C,False,True
450.0,10,[*]C(=O)c1ccc2c(c1)C(=O)N(c1ccc(OCc3ccc(N4C(=O)c5cccc([*])cc5C4=O)cc3)cc1)C2=O,False,True
450.0,11,[*]CC([*])c1ccc(C(=O)Oc2ccc(C3(=O)OC(=O)C3CC2)c1,False,True
450.0,12,[*]COC(=O)c1ccc(C(=O)OC(CC)C(=O)Nc2cc(CC([*])(C)C)cc2)cc1,False,True
450.0,13,[*]CC([*])(C)C(=O)OCc1ccc(OC)c(F)c1,True,True
450.0,14,[*]CC([*])C(=O)OCc1ccc(/C=C=C/C/c2ccc(OCC(=C(C)C)C2)cc1,False,True
450.0,15,[*]C(=O)Oc1ccc(Oc2ccc([*])cc2C(=O)OC(=O)C3C(=O)OC(C)CC2)cc1,False,True
450.0,16,[*]CC([*])c1ccc(C(=O)NCCCCNCCCCCCCCCCOc2ccc(/N=N/c3ccc(C=N/c5ccccc5)cc43)cc(OCCCCC)c2)cc1,False,True
450.0,17,[*]NCCCCCCCCCCN1C(=O)c2ccc(C(=O)c3ccc(OCCN4C(=O)c5ccc(C([*])=O)c5C4=O)C3=O)c2C1=O,False,True
450.0,18,[*]c1ccc(-c2ccc(-c3ccc(-c4ccc(-c5ccc([*])cc5)cc4)cc3)cc2)cc1,True,True
450.0,19,[*]c1ccc2c(c1)C(=O)N(c1ccc(Oc3ccc(N4C(=O)c5ccc([*])c5C4=O)cc3C2=O)cc1)C1)C,False,True
450.0,20,[*]OC(=O)c1ccc(OCCCCCCOc2ccc(OP(=O)([*])=O)cc2OCC2CCC3C(CC)C2CCC3)C1=CC(CC1,False,True
450.0,21,[*]CC([*])(C)OCCCCC(=O)OCCCC(C)C1(C)(C)C,False,True
450.0,22,[*]/C(=Cc1ccc(/C=C#N/C=C/CCCOCC(=O)Oc2ccc(CCC)c3c([*])cc3C2=O)cc12,False,True
450.0,23,[*]CC([*])(C)C(=O)OC(=O)c1ccc(Oc2ccc(OC(=O)c3cccc(Oc4cccc(NC(=O)c5cc(C#N)ccc5)cc3)ccc2)cc1,False,True
450.0,24,[*]CC([*])(C)C(=O)OCCCCCCCCCOc1ccc(/N=N/c2ccc(/c3ccc(/N=N/c4ccccc([N+](=O)[Si](=O)[O-])cc4)ccc3)ccc2)cc1,False,True
450.0,25,[*]OC(=O)c1ccc(OCCCCCC(=O)Oc2ccc(Cc3ccc(NC(=O)c4ccc([*])cc4C(C)CCCOc5)cc3)cc2)c1,False,True
450.0,26,[*]Oc1ccc(-c2occ(OC(F)(F)C(F)(F)C([*])=O)cc2)cc1,False,True
450.0,27,[*]CCC(=O)N(CCCNC(=O)CC(=O)CCCCNC(=O)C(=O)C(C)C([*])C)C1=O,False,True
450.0,28,[*]c1ccc(OC(=O)OCCCCCCCCC(=O)Oc2ccc(C(=O)c3ccc(OCCCCO)cc3(CC(=O)NC([*])C(=O)C6=O)cc3)cccc2)c1,False,True
450.0,29,[*]C(=O)Nc1cccc(C(=O)c2ccc(OC(=O)c3ccc(C([*])(C)CCCC)cc3C)cc2)cc1,False,True
450.0,30,[*]CC([*])(C)C(=O)OCCCCC1CCC,False,True
450.0,31,[*]C(=O)NCCCCCCCCCOc1ccc(/C=C\c2cc(C=C/c3ccc3)cc(C=CCCCCC3CCC4CCCCCC4CCCC(CCCCC5CCCC([*])C)CCCCC3)ccc2)C1,False,True
450.0,32,[*]C=C(=O)OC(=O)CCC(=O)C(C(C)(C)F)(F)C(=O)N([*])CC(=O)Oc1c(F)cc(F)cc1C(F)(F)C(F,False,True
450.0,33,[*]c1ccc(OCCCCC(C)(c2ccc(OC(=C)c3cccc(S(=O)(=O)OCC)c4cccc(OC([*])(C)C)cc5)cc4ccccc3-cc3cc2)ccc2)cc1,False,True
450.0,34,[*]c1ccc2nc(-c3ccc(OCCCCCCCCCCCC)c(-c4ccc(-c5sc(-c6cccc(-c7ccccc7)cc6c(c6)C(=O)N(c7ccc([*])cc6)(C)C7=O)sc6)cc4)c4)cc3C2=O)ccc1,False,True
450.0,35,[*]c1ccc(NC(=O)c2ccc(C(=O)Nc3ccc(Oc4ccc5c(c4)C(=O)N(c4ccc(C([*])(C)C)cc4)c3C4=O)ccc2)cc1,False,True
450.0,36,[*]C1C(=O)OC1C(c2ccc(C([*])(C(C)C)C)cc2)cc1,False,True
450.0,37,[*]Oc1ccc(-c2ccc(OC(=O)c3ccc4c(c3)C(=O)N(c3cccc(OCCCC(C)Oc5ccc([*])ccc6C(C(C)(C)C5)cc5C4=O)c3)C4)cc2)cc1,False,True
450.0,38,[*]CCCCCCCCCC1C(=O)N(CCCCCNC([*])=O)CCOC1,True,True
450.0,39,[*]CC([*])OC(=O)C1CCCCCCCCCCCCCCCCC,False,True
450.0,40,[*]C(=O)Nc1ccc(C2([*])c(C)cc2ccccc2c2)cc1,False,True
450.0,41,[*]CC([*])(C)C(=O)OCC(C(=O)OC)C(=O)Oc1ccc(C=O)c(C)cc1,False,True
450.0,42,[*]CC([*])(C)C(=O)OCCCCCCC(=O)OC(C)(C)CCOc1ccc(C(=O)OCCCCC1=CCC1CCOCCC(=C)OC(CC)ccc1,False,True
450.0,43,[*]CC([*])c1ccc(C(=O)Oc2ccc(OCCCCCCCCCC5(C6C(CC)CCCC5)cc4)cc3)cc2ccccc1Oc1ccccc1,False,True
450.0,44,[*]CC([*])c1ccc(COc2ccc(CC(C)C)cc2)cc1C,True,True
450.0,45,[*]c1ccc(Oc2ccc(N3C(=O)c4ccc(C([*])(C)C)c4(C)ccc3)cc2)cc1,False,True
450.0,46,[*]Oc1ccc(OC(=O)c2ccc(C([*])=O)cc2C(=O)Oc2ccc(/C=N/c4ccccc5cccc4)cc3cc2)cc1,False,True
450.0,47,[*]Cc1ccc(OC(=O)CNc2ccc(C(=O)Oc3ccccc(NC(=O)c4ccc(C([*])=O)cc4)cc3)cc2)cc1,True,True
450.0,48,[*]CC([*])C(=O)Oc1ccc(Cl)cc1,True,True
450.0,49,[*]Oc1ccc2c(c1)C(=O)N(c1ccc(Oc3ccccc3)c(N4C(=O)c5ccc([*])cc5C4=O)cc3)cc1)C2=O,False,True
450.0,50,[*]OC(=O)C(Cl)C(=O)Oc1cccc(C2([*])CCC)cc1)CC(/N2,False,True
450.0,51,[*]NC(=O)C1C2CC(C3C([*])=O,False,True
450.0,52,[*]COC(=O)C1C(COC(C(C(=O)C)([*])(C)C,False,True
450.0,53,[*]c1ccc(Oc2ccc(C(=O)OC3C(CC(=O)Oc4ccc(C)c5c(CC6(c6ccc(C)(C)CCC7C(CCCCC(CCCCCC7)CC7)cc8)cc(C(=O)N(C9c9ccc([*])C(C)C)cc8C7C(=O)O)N(C)CC8=O)C7cccccccc6=O)c4)cc3C(CC)-ccccccc312)C1,False,True
450.0,54,[*]C=C1CCC2CCC(=O)N(c3ccc(COC)c2ccc3c(-c4ccc5c(c4)C(=O)N(CCCCCCCCCCCCtl(=C([*])cc5cccc4)C3=O)cc1)C2=O,False,True
450.0,55,[*]CC([*])(C)C(=O)OCCCCCCCCO1,False,True
450.0,56,[*]CC([*])(CCCC)CCCCCC(=O)N(c1ccc(CCC)c2ccc(NCC#N)c1,False,True
450.0,57,[*]CC([*])N1C(=O)c2ccc(/C=CC#N)C=C/c3ccOCCCCCCCCCCCC,False,True
450.0,58,[*]CC([*])(C)C(=O)OCCCCCC(=O)Oc1ccc(-c2ccc(OCCC)cc2)cc1,True,True
450.0,59,[*]CC([*])(C)C(=O)OCCCCOc1ccc(/N=N/c2ccc(OCCCCCC)cc2)cc1,True,True
450.0,60,[*]CC([*])(C)C(=O)OCCOC(=O)Oc1ccc([N+](=O)[O-])cc1,True,True
450.0,61,[*]CCN[*],True,True
450.0,62,[*]c1ccc(Oc2ccc(Oc3ccc(S([*])(=O)=O)cc4)cc3)cc2)cc1,False,True
450.0,63,[*]CC([*])(C)C(=O)OCCCCCC(=O)Oc1ccc(Oc2ccc(C(=O)Oc3ccc(C)ccc3-c3cccccc(-c4cccc(OC)cc4)cc3)cc2)cc1,False,True
450.0,64,[*]CC([*])(C)C(=O)OCCCC(NC(=O)CCC(C)C#N)C1,False,True
450.0,65,[*]C(=O)Nc1ccc(C#Cc2ccc([*])c2cccccc2)cc1,False,True
450.0,66,[*]CC([*])(C)C(=O)OCCCCCCCCCCCCCN1CCCOC(=O)C1=O,True,True
450.0,67,[*]C=CC1C(CC(=O)OCCCC(=O)CCC1C([*])(C)CC1)CCC1,True,True
450.0,68,[*]C(=O)Nc1ccc(Oc2ccc(Oc3ccc(P(=O)(=O)c4cccc(C([*])=O)cc3)cc2)cc1,False,True
450.0,69,[*]CC([*])c1ccccc1C)c1,False,True
450.0,70,[*]c1ccc(-c2nnc(-c3ncccc(-c4ccc(OCCCCCCCCC)c([*])n4-c5ccccc5)s4)cc3)s2)c1,False,True
450.0,71,[*]CCCCCCCCCN1C(=O)c2ccc([*])cc2Br,False,True
450.0,72,[*]CC([*])(C)C(=O)OCCCCCCCCCCCCCCCC(=O)Oc1ccc(Oc2ccc(C(=O)OC)cc2)c3ccc1,False,True
450.0,73,[*]CCc1ccc(/N=C\c2ccc(C=C#N)c3ccc([*])ccc3)cc2CC#N)cc1,False,True
450.0,74,[*]C(=O)c1ccc(C(=O)Nc2ccc([*])cc2CCC(C)(C)C)cc1,True,True
450.0,75,[*]CC([*])(C)C(=O)OCCCCC1CC2CC(=O)N(C1)C(CCC(=O)OC1,False,True
450.0,76,[*]NC(=O)CN(c1ccc(-c2ccc(C(=C)CC(F)(F)F)C(F)(F)F)cc2)ccc1-c(C(=O)N([*])C(=O)C(=O)C,False,True
450.0,77,[*]c1ccc(OC(=O)Oc2ccc(C([*])(C)C)cc2)cc1,True,True
450.0,78,[*]CC([*])(C)C(=O)Oc1cc(Br)c(Cl)cc1,True,True
450.0,79,[*]Oc1ccc(C(=O)Nc2ccc(Oc3ccc4c(c3)C(=O)N(c3ccc([*])cc4C3=O)cc2)ccc1,False,True
450.0,80,[*]c1ccc2c(c1)C(=O)N(CCCC(=O)N(c1ccccc(N3C(=O)c4cccc([*])cc4C3=O)(C)C)cc1)C2=O,False,True
450.0,81,[*]C1CCCCC(CC(=O)C1CCCC(=O)NC(=O)C([*])(C)CC1)CC1)C,False,True
450.0,82,[*]Oc1ccc(Oc2cccc3ccc4c(c3)C(=O)N(c3ccc(Oc5cccc(NC(=O)c6ccc(C([*])=O)cc7)cc5)cc4)c3)(C(F)(F)F)cc2)C(F)(F)ccc1,False,True
450.0,83,[*]CC([*])c1ccc(C(=O)c2ccc(OCC3)cc(CCC(=O)OCOc4ccc(/N=N/c6cc(-c7sc6cccccc65)cc4)cc3)C2=O,False,True
450.0,84,[*]CC([*])C(=O)N(C)C1,False,True
450.0,85,[*]CC([*])C(=O)Oc1ccc(C(=O)OC(C)C(C)(C)C)cc1,True,True
450.0,86,[*]C=CC1CC(C)C2CCC(=O)NCCC(CCNC([*])=O)C1=O,False,True
450.0,87,[*]C=CC1CC(=O)OC(=O)Nc2ccc(C(=O)c3ccc(C([*])=O)cc3C(C)C)c3C2=CC1,False,True
450.0,88,[*]c1ccc(-c2nc3ccc(-c4ccccc(-c5ncc([*])cc6cc5)cc4)o3)cc2)cc1,False,True
450.0,89,[*]Cc1ccc(Oc2ccc(NC(=O)Cc3ccc(C([*])=O)cc3C2CC2)cc1,False,True
450.0,90,[*]c1ccc(Oc2ccc(-c3nc(-c4ccc(-c5nc([*])c(C)cc6cccc6)cc4)cc3)ccc2)o1,False,True
450.0,91,[*]c1ccc(Oc2ccc(-c3ccc4c(c3)cc(Oc3ccc(-c4nnc(-c5ccc6ccc([*])cc7)cc5)cc4)ccc2)cc1,False,True
450.0,92,[*]NCCC1C=OCCCCCCNC(=O)C2C2CCC(=O)NC([*])C(=O)C2=O)C1,False,True
450.0,93,[*]c1ccc(Oc2ccc(C(=O)c3ccc(Oc4ccc(-c5ccc(-c6ccc(S(=O)(=O)c7ccc(Oc8cccc(C([*])(F)(F)F)CCC%10=O)c9)c(F)cc7)c7)ccc5)c4)ccccc3-cc2)c1,False,True
450.0,94,[*]Oc1ccc(-c2nc(-c3ccc(-c4cnccc(-c5ccc(OC([*])=CCCC)cc5)CCCC(C(C)C)(CC)CC(C)(C)[Si](C)(C)C)CCC5)cc4)cc3)c2)C1=C,False,True
450.0,95,[*]c1ccc(Oc2ccc(C(=O)Oc3ccc(C(=O)Oc4ccc(C([*])(c5cccccc5)cc4)cc3)cc2)cc1,False,True
450.0,96,[*]c1ccc(Oc2ccc(C3(c4ccc(Oc5ccc(Oc6ccc(/N6C(=O)c7ccc(C([*])(C)C)CC)cc7C(C8)CC7)ccc6alc5cccccc5)c4ccccc4)cc3)ccc2)cc([O-c2ccccc1,False,True
450.0,97,[*]CC([*])(C)C(C)(C)C(=O)OCCCCCC(=O)OCC1(OC)(C)CC1(C#N,False,True
450.0,98,[*]c1ccc(Oc2ccc(-c3ccc(P([*])(=O)=O)cc3)cc2)cc1,True,True
450.0,99,[*]Oc1ccc2ccccc2c1C2C(=O)N(c1ccccc2)C(=O)N(c2cccc(Oc3ccc(N5C(=O)c6cccc([*])ccc5C5=O)c4)cc3)C2=O,False,True
450.0,100,[*]C(=O)OC(=O)NCC(=O)c1ccc(P(=O)(=O)c2ccc(OCC)cc([*])cc2OC(=O)OC(O)c2ccc(C(=O)OCCCC(F)(F)c2)c1,False,True
450.0,101,[*]C(=O)c1ccc(Oc2ccc(-c3ccc(OCCCCCCC)c(N4C(=O)c5ccc([*])cc5C4=O)c3)cccc2)cc1,True,True
450.0,102,[*]Oc1ccc(Oc2ccc(Oc3ccc(NC(=O)c4ccc5c(c4)C(=O)N(c4ccc(C([*])=O)cc5C4=O)cc3)C(F)(F)C(F)(F)C(F)(F)F)C4=O)cc2cc1,False,True
450.0,103,[*]c1ccc(-n2ccc(Oc3ccc(-c4ccc(-c5ccc6nc(C([*])(=O)c7ccccc8ccc7)c6)C(F)F)cc5cc(-c6cccccc5)cc4)cccc3)cc2cc1,False,True
450.0,104,[*]CC([*])C(=O)OCC(=O)C,True,True
450.0,105,[*]CC1CC(=O)NCCC1C(=O)NC(=O)CCCCCNC(=O)C1C2C(=O)OC(CC3)CC(=O)C4C([*])C1Cl)CCC1CC1,False,True
450.0,106,[*]CNC(=O)c1ccc(C(=O)Nc2ccc(C(=O)c3cccc(Nc4cccc,False,True
450.0,107,[*]=C(/[*])c1cccc(/N=N/N=C/c2occ(Cl)[Si](C)(C)C)cc2)cc1,False,True
450.0,108,[*]NC(=O)OCCCCCCCCCCCCCCCCCOc1ccc(/N=N/c2ccc(N=N/c3cccc(C([*])=O)cc3)cc2)cc1,False,True
450.0,109,[*]Oc1ccc(Oc2ccccc2Oc2ccc(Oc3ccc4c(c3)C(=O)N(c3ccc(Oc5ccc(N6C(=O)c7ccc(N7C(C#N)c%10ccc([*])cc9C7=O)c6)C8=O)cc6)cc4)n3)N2=O)c1,False,True
450.0,110,[*]c1ccc(Oc2ccc(C(=O)Oc3ccc(C(C(O)C)C(C)C)c([*])C3)cc2)cc1,False,True
450.0,111,[*]CC([*])(C)C(=O)OCCCCCCCCC,True,True
450.0,112,[*]C(=O)Oc1ccc2cc(C(=O)c3cc(OC(=O)Oc4ccc(C([*])(C(c5cccccc5)C(C#N)C6=O)cc3)(C(F)C(F)C(F)F)c2)C(F)(F)C(F)(F)C(F)(F)c1(F,False,True
450.0,113,[*]CC([*])C(=O)Oc1cccc(C(=O)OC(=O)OC(=O)OC1C2C(C)C2)cc1,False,True
450.0,114,[*]c1ccc(Oc2ccc(C(=O)Nc3ccc(C([*])(C)CCC)cc3)cc2)cc1,True,True
450.0,115,[*]Cc1ccc(OC([*])=O)cc1,True,True
450.0,116,[*]c1cc(C)c(OC(=O)c2ccc(C(=O)Nc3ccc(Oc4ccc(C([*])(C)C)cc4)cc3)cc2C1=O,False,True
450.0,117,[*]C=C(F)C(F)(F)C(F)(F)(F)C(F)(F)CN(F)(F)C(F)(F)C(F)C(=O)(F)N(F)C(F)C(F)(F)(F)C(C(F)(F)(F)C(F)C(F)(F)(C(F)(F)C(F)(F)([*])C(F)F)C(F,False,True
450.0,118,[*]CC([*])(C)C(=O)OCCCCOc1ccc(C(=O)c2ccc(OCCCCCCCCOc3ccc(N4C(=O)c4ccc(C#N)cc4)ccc3)[nH]2)cc1,False,True
450.0,119,[*]OC(=O)Oc1ccc(C(=O)OCC(=O)Oc2ccc(/N=C=C/C/C(=O)N/c3ccc(OCC)cc3)c(=O)c([*])cc4c2C1=O,False,True
450.0,120,[*]Oc1ccc(S(=O)(=O)OCCC([*])=O)cc(O[Si](C)(C)C)c2ccc(C)cc1,False,True
450.0,121,[*]C(=O)c1ccc(Oc2ccc3c(c2)C(=O)N(c2ccc(Oc4ccc5c(c4)C(=O)N(c4cccc([*])cc(C(C)(C)C)c)c4)cc3)C4=O)ccc2)c1,False,True
450.0,122,[*]c1ccc(-c2ccc(Oc3ccc(S(=O)(=O)c4cc(Oc5ccc(C([*])(C)C)cc5)cc4)cc3)ccc2)cc1,False,True
450.0,123,[*]c1ccc(OC(=O)c2ccc(Oc3ccc(C(=O)c4ccc([*])cc4)cc3)cc2)cc1,True,True
450.0,124,[*]c1ccc(Oc2ccc(C(=O)OC(c3ccc(Oc4cccc(-c5ccc(C#N)c([*])cc6)ccc5)c4-cc4ccc4)ccc3)ccccc2-cc2cc1,False,True
450.0,125,[*]CC([*])(C)C(=O)OCCCCCOc1cc(/N=C/c2ccc(C#N)cc2)cc1,False,True
450.0,126,[*]O[Si]([*])(CCC)COc1cc(Oc2ccccc(/C=C/C#N\c3cccc(/N=C/c4ccccc5o4)cc3)cc2)ccc1,False,True
450.0,127,[*]CC([*])(C)C(=O)OCCCCCC)CCCCCCC1,False,True
450.0,128,[*]C(=O)NCCC(=O)OCC1CC(C)(C2(C)C3(C([*])C)N(C3(=O)C1(C)C(C)CC1)CC(COC(C)(C)COCC)C)C1[*],False,True
450.0,129,[*]Oc1ccc(/C=C2\cc(S(=O)(=O)c3ccc(C([*])=O)c3)cc2)c1,False,True
450.0,130,[*]c1ccc(OC(=O)Oc2ccc(C([*])(C)C)cc2)cc1,True,False
450.0,131,[*]C(=O)Nc1ccc(Oc2ccc(Oc3ccc(C(=O)c4ccc(S(=O)(=O)c5ccc(Oc6ccc(NC(=O)c7ccc(C([*])(C)C(C)C)cc7C8=O)cc6)c5)cc4)cc3)cc2)ccc1,False,True
450.0,132,[*]CC([*])c1ccc(Cl)c(Cl)s1,False,True
450.0,133,[*]c1ccc(CCCCCCCCCCCCCCCCCCCCCCC(=O)Nc2ccc(NC(=O)c3ccc([*])cc4CCCCCC)cc3)ccc2)cc1,False,True
450.0,134,[*]CNC(=O)c1ccc(C(=O)OCC([*])CC)C1,True,True
450.0,135,[*]CC([*])(C)C(=O)OCCCCCCC(=O)OC(/C=(c1ccc(/C#N)cc2)cc1,False,True
450.0,136,[*]C(=O)c1ccc2c(c1)C(=O)N(c1ccc(Oc3ccc(N4C(=O)c5ccc(S(=O)(=O)c7cccc([*])cc7C5=O)c4)c3c1)C2=O,False,True
450.0,137,[*]OC(=O)c1ccccc(C(=O)CCCCCCCCCCCCCCCCCCCCCOc2ccc(/N=C/c3ccc([*])cc3)cc2cc1)C,True,True
450.0,138,[*]OCCCCOCC(=O)c1ccc(-c2ccc(C([*])=O)cc2)cc1,True,True
450.0,139,[*]CC([*])(C)C(=O)OCCC(C(=O)Oc1cc(C)c(-c2ccc(-c3ccc(CC(=O)c4cccccc(Oc5ccc5)c(-c6ccccc6ccc5)c5)ccc4)ccc3)ccc23c1,False,True
450.0,140,[*]CC(=O)OCCCCCN(c1cccc(C(=O)c2ccc(C)c([*])c(C#N)c(S(=O)(=O)csnN(=O)c3ccccc3)c2)cc1,False,True
450.0,141,[*]C(=O)Nc1ccc(Cc2ccc(Oc3ccc(Oc4ccc(-c5cccc(Oc6cccc(-c7cccccc6)c([*])cc6)ccc54)cc3)ccc2)c1,False,True
450.0,142,[*]c1ccc(OC(=O)OC2C(=O)Oc3ccc(-c4ccc(-c5ccc(C([*])=O)cc5)cc4S(=O)(=O)c4cc3)cc2)ccc1,False,True
450.0,143,[*]C6([*])c1ccc(N2C(=O)c3ccc(Oc4ccccc4)c(-c3cccc(-n4cccc4Oc5ccc5ccc([nH]5)cc4)c3)ncc2-c1,False,True
450.0,144,[*]c1ccc(Oc2ccc(Oc3ccc(N4C(=O)c5ccc(Oc6ccc(N7C(=O)c8ccc([*])cc8C9=O)(C(C)C)C(F)C(F)(F)C(F)F)C(F)(F)F)ccc6C4=O)c3C2)cc1,False,True
450.0,145,[*]=C(C(#[*])C(=O)OCCC(/C#N)C1=CCCC1C(C2C3(C#N)CCCCC3)C2CCCC)C2=C1,False,True
450.0,146,[*]CC(=O)Nc1ccc(C(=O)Oc2ccc([*])cc2CCCCCCCCCCCCCCCCCCC)cc1,True,True
450.0,147,[*]Nc1ccc(Oc2ccc(NC(=O)OC(=O)c3ccc(C([*])=O)cc3)cc2)cc1,True,True
450.0,148,[*]CC([*])(C)C(=O)Oc1ccc(-c2ccccc3n2-c2ccc(-c3cccccc4)nc3-ccc2cccccccc2)c,False,True
450.0,149,[*]CC([*])(C(=O)Oc1ccc(-c2nnc(-c3ccccc3)cc2)cc1,False,True
450.0,150,[*]c1ccc(OC(=O)OCCCCCCCS(=O)CCCCCC(=O)c2ccc(C(=O)c3ccc(Oc4cccc(-c5ccccc5)c([*])c5)cc3)ccc2)c1,False,True
450.0,151,[*]C(=O)c1ccc2c(c1)C(=O)N(c1ccc(Cc3ccc(N4C(=O)c5ccc([*])cc5C4=O)cc3)ccc1)C2=O,False,True
450.0,152,[*]CC([*])(C)C(=O)Oc1ccc2c(Oc3ccc(C(=O)Oc4ccc([N+](=O)[O-])c4ccc4c(c3)c3)ccc1,False,True
450.0,153,[*]Oc1ccc(OC(=O)c2ccc2)C(=O)N(c2ccc(C([*])=O)ccc2)cc1,False,True
450.0,154,[*]CCCCCS(=O)c1ccc(C(=O)c2ccc(OCCCCCC(=O)C(=O)NC(=O)C(=O)Nc3ccc(-c4cccc(Oc5ccc(C)cc6[*])cc54)ccc3CCCCOCC2)ccc1,False,True
450.0,155,[*]c1ccc(CCCCCN2C(=O)c3ccc(CC([*])(C)CCC)cc3)cc2)cc1,False,True
450.0,156,[*]CC([*])(C)C(=O)OCc1ccc(/N=N/c2cc(C=C/c3ccc(Br)cc3)cc2)cc1,False,True
450.0,157,[*]CC([*])(C)C(=O)Oc1ccc(Oc2ccc(C(=O)Oc3ccc(Oc4ccc(C(C)C)cc4)cc3)c2)cc1,False,True
450.0,158,[*]Nc1ccc(Oc2ccc(Oc3ccc3)c(C([*])=O)cc2C(=O)O)cc1,False,True
450.0,159,[*]Cc1ccc(C(=O)Nc2ccc(-c3ccc(C([*])=O)cc3)cc2)cc1,True,True
450.0,160,[*]CC([*])(C)C(=O)OC1[*],False,True
450.0,161,[*]Nc1ccc(C(=O)Nc2ccc(C(=O)NCCCCCCCN3C(=O)c5c(c5c(c6ccc(C(=O)Nc7ccc([*])cc7C)cc6=O)C6=O)cc5)c3)cc2)C1=O,False,True
450.0,162,[*]Oc1ccc(OC(=O)c2ccc(OCC)cc3c(c4ccc4OC(=O)N(c3ccc(Oc5ccccc(N7C(=O)c8ccc([*])ccc7C7=O)ccc5)C4=O)cc3)cc2)C1,False,True
450.0,163,[*]Nc1ccc(OC(=O)c2ccc(OCCCCCCCCOc3ccc(C([*])=O)cc3)C2=O)cc1,True,True
450.0,164,[*]c1ccc(-c2ccc(-c3ccc(OC(=O)CCCCCCCCOc4ccc([*])cc4Br)cc3)cc2)ccc1,False,True
450.0,165,[*]=Cc1ccc(OCC2COCCCCCCCCC(C/C#C#N)c4ccc5c(c4c(c5nc([*])cc4nc5cc4)cc3)cc2c1,False,True
450.0,166,[*]CC([*])(C)C(=O)Oc1ccc(C(=O)Oc2ccc3c(c2)CC(=O)N(CCCCC)C2)cc1,False,True
450.0,167,[*]CC([*])(C)C(=O)OCC(F)(F)C(F)(F)(F)C(F)(C(F)(F)C1(F)(F)(F)F,False,True
450.0,168,[*]c1ccc(C#N(C(=O)CCCCC)C(=O)Nc2c(C(=O)c3ccc(C#N)cc4ccc(-c5cccc(C(=[*])(C)ccc(C)cc6)ccc5)ccc4)cc3ccc2)C1=O,False,True
450.0,169,[*]c1cccc(-c2nc3cc(-c4c(-c5ncccc(-c7cc(C([*])(CCCC)cc7)oc6-ccccc57ccccc5)scc43)nc2)ccc1,False,True
450.0,170,[*]CC([*])(C)C(=O)OCCCCCCCCCCCC(=O)Oc1ccc(C(=O)c2ccc(OCCCCCCCC)cc2)cc1,True,True
450.0,171,[*]CC([*])(C)C(=O)Oc1ccc(C(F)(F)C(F)(F)C(F)(F)F)cc1,True,True
450.0,172,[*]CCCCNC(=O)c1ccc(C(CNC(=O)c3ccc(C(=O)Oc4ccc6c(c5)C(=O)N(c5cccc([*])ccc6C5=O)NC5=O)cc3C2=O,False,True
450.0,173,[*]C(=O)c1ccc(Oc2ccc(/C=CCCC(=C)Oc3ccc(C([*])=O)cc3)cc2)cc1,True,True
450.0,174,[*]C(=O)c1ccc(Oc2ccc(C(=O)c3ccc(C([*])=O)cc4CC3=O)ccc3)cc2c1,False,True
450.0,175,[*]OC(=O)c1cccc(C(=O)c2cc(OCCCCCCCCCC(=O)Nc3ccc(C([*])=O)cc3-c3cc(OCCCC)ccc3)c2)c(C)c1,False,True
450.0,176,[*]c1ccc(OC(=O)c2ccc(C(=O)Nc3ccc(C(=O)Oc4ccc(S(=O)(=O)c5ccc(Oc7ccc(C([*])(C)C)cc7C6=O)cccc5)cc4CC4=O)c3=O)ccc2)cc1,False,True
450.0,177,[*]Cc1ccc(OC(=O)CN(\CC(N)C(=O)OCN([*])C)C(=O)OC)C(C)COC(C)C)C(C)C1,False,True
450.0,178,[*]C(=O)NC(=O)c1ccc(Br)cc1C2(=O)N(c1ccc([*])c1)C,False,True
450.0,179,[*]c1ccc2cc(c1)C(=O)N(c1ccc(Oc3ccc(C(=O)c4ccc(S(=O)(=O)c5ccc(C([*])=O)c5C(F)(F)F)cc4CC4=O)c3)c1)C2=O,False,True
450.0,180,[*]Oc1ccc(OC(=O)c2ccc(OC(=O)c3ccc(OCCC(=O)c4ccc(C)c6c(c6c(c6cccc(Oc7ccc(C([*])=O)cc7)cc7)ccc6)cc5c4)cc3)c2)cc1,False,True
450.0,181,[*]c1ccc(-c2ccc(-c3ccc(Oc4ccc(/C=C5=C([*])CCCC5CCC)cc4\CCC4C3)ccc2)(C)C)ccc1,False,True
450.0,182,[*]C(=O)Oc1cccc(Oc2ccc(C(=O)Oc3ccc(C([*])CC)cc3)cc2)cc1,False,True
450.0,183,[*]C(=O)c1ccc2c(c1)CC(=O)N(c1cccc(Oc3ccc(N4C(=O)c5ccc(C(C([*])(C)Cc7=O)ccc(-c7ccccccccc7-cccc7)ccc5)c5ccc4)c3)cc1)C2=O,False,True
450.0,184,[*]C(=O)Nc1ccc(Oc2ccc(-c3ccc(OCCOc4cccc(N([*])c4)cc3)C4=O)cc2)cc1,False,True
450.0,185,[*]C(=O)c1ccc(C(=O)c2ccc(C(=O)c3ccc(Oc4ccc([*])cc4)cc4)cc3)cc1,False,True
450.0,186,[*]CCCCCC(=O)NC1C(=O)OCCC2C([*])=O,False,True
450.0,187,[*]c1ccc(CCCCCCOc2cccc(/C=C/c3ccc(C=C/c4ccc5cc([*])cc5)cc4)ccc3cccc2)c1,False,True
450.0,188,[*]c1ccc(Oc2ccc(C(=O)c3ccc(Oc4ccc(S(=O)(=O)c5ccc(Oc6ccc(N6C(=O)c7ccc(Oc9cccccc9ccc(C([*])(C)C)c9)cc8)c6)cc5)cc4)cc(C(F)(F)F)C(F)F)c3)ccc2)cc1,False,True
450.0,189,[*]CCC(=O)Oc1ccc(C(=O)NC(=O)NC([*])OCC(C)C)cc1,True,True
450.0,190,[*]c1ccc(OCC(c2ccc(N3C(=O)[O-])cc(OCCC(C)(C)C)c3cccc([*])cc3C(C)C(F)(F)F)C(F)(F)F)cc2,False,True
450.0,191,[*]c1ccc2c(c1)C(=O)N(CCCCCCOc1ccc(-c3cnc(Oc4ccccc5c(c4)C(=O)N([*])C5=O)cc3CC)cc1)C2,True,True
450.0,192,[*]c1ccc(OCC(COc2ccc(OC(=O)C(=O)c3ccc(C([*])(C)C)cc3)cc2)cc1,False,True
450.0,193,[*]CC(=O)OC(=O)Oc1ccc(C(=O)Oc2ccc(C([*])(C)C)cc2)cc1,True,True
450.0,194,[*]Oc1ccc(C(F)(F)F)c(F)c(C([*])(F)C(F)(F)F)ccbkCl,False,True
450.0,195,[*]OCCCCCCCCCCCCCCCN(=O)c1ccc(C([*])=O)cc1,False,True
450.0,196,[*]c1ccc(Oc2ccc(-c3ccc(-c4cccc4)ccc3)n(-c3ccc(C=Cc4cccc(C([*])(C)C)cc4)cc3C(CCC)c2)cc1,False,True
450.0,197,[*]CC([*])(C)C(=O)OC1=C2C(CC)C(C)C(C(=O)Oc3cccc(C#N)cc3)cc2)C1,False,True
450.0,198,[*]Oc1ccc(-c2nnc(-c3cccc4c(c3)C(=O)N(c3ccc(Oc5ccc(N6C(=O)c8ccc7c([*])ccc6C7=O)cc5)C5=O)cc3)cc1,False,True
450.0,199,[*]c1ccc2c(c1)C(=O)N(c1ccc(Sc3ccc(-c4ccc5c(c4)C(=O)N([*])C5=O)ccc4OC3=O)cc1)(C(F)(F)C(F)(F)F)C(F)(F)(F)C(F)F)C(F)F)(F)cc1)C2=O,False,True
450.0,200,[*]C(=O)Nc1cccc(C(=O)C([*])Cc2ccc(OCCCCCCCCCCCCCC)c2)cc1,False,True
450.0,201,[*]CC([*])(C)C(=O)Oc1ccc(C(=O)Oc2ccc(C)cc2)cc1,True,True
450.0,202,[*]Oc1ccc(S(=O)(=O)c2ccc(Oc3ccc(Oc4ccc([*])cc4)cc3)cc2)cc1,True,True
450.0,203,[*]CCCCC(=O)Oc1ccc(OC([*])=O)cc1,True,True
450.0,204,[*]c1ccc(Oc2ccc2c(c1)C(=O)N(c2ccc(OC)c(CCCC)c(N4C(=O)c5ccc([*])ccc5C3=O)cc2C(F)(F)F)C6(F)(F)cc1,False,True
450.0,205,[*]c1ccc(Oc2ccc(/C=N/c3ccc(Oc4ccc(Oc5cccc(C6(=O)c8ccc(C(=O)c9ccc(C([*])(C)C)cc8)cc7)cc5)ccc4)ccc3)C4=O)o2c1,False,True
450.0,206,[*]C(=O)NC(=O)c1cccc(C(=O)c2ccc(Oc3ccc(NC(=O)c4ccc([*])cc4C#N)cc3)cc1)C2=O,False,True
450.0,207,[*]Oc1ccc2cccccc2C(=O)N1C(=O)Oc2ccc(CCC(=O)N(c3ccc(Oc5ccc(NC(=O)c6cccc([*])cc6C5=O)cc4)c3)C3=O)ccc1,False,True
450.0,208,[*]CC([*])c1ccc1OC1CC2C(=O)N(/C=O)Nc3ccc(S(=O)(=O)Nc3ccccc3)cc1ccc1C2=O,False,True
450.0,209,[*]CC([*])(C)C(=O)OCc1ccccc1C(F)(F)C(F)(F)(C(F)C(C)(F)C,False,True
450.0,210,[*]C(=O)c1ccc2c(c1)C(=O)Oc1ccc(-c2ccc(Oc3ccc(N4C(=O)c5ccc(Oc7cc([*])cc7C7=O)oc7)cc(-c6cccccc6cccccc5)ccc4C4=O)c1)cc1)C2=O,False,True
450.0,211,[*]C(=O)c1ccc2c(c1)C(=O)N(c1ccc(Oc3cccc4c(c3)C(=O)N(c3ccc([*])cc3C)ccc3=O)cc2)c1)C1=O,False,True
450.0,212,[*]CC([*])(C)C(=O)OCCCCCCCCCCOc1ccc2cc(/N=N/c3cccc(OC(=O)cc3)cc3)ccc2C1=O,False,True
450.0,213,[*]C(=O)Nc1ccc(Cc2ccc(Oc3ccc(-c4ccc(C)cc4ccc([*])cc4)cc3)cc2)cc1,False,True
450.0,214,[*]C(=O)NC(=O)C1CCCCCCNC([*])=O,False,True
450.0,215,[*]c1ccc(OC(=O)OCC(=O)Nc2ccc(NC(=O)CC(S(=O)(=O)OCC)C3(C)C4C3)C([*])C4=O)c2C1,False,True
450.0,216,[*]c1ccc(-c2ccc(-c3cccc(Oc4cccc5nc(-c6ccc([*])ccc6)cc5)cc4)cc3)ccc2)cc1,False,True
450.0,217,[*]C(=O)c1ccc2c(c1)C(=O)N(c1cccc(OCCCCCCN3C(=O)c4ccc([*])cc5C(=O)c4C3=O)cc1)C2=O,False,True
450.0,218,[*]CC([*])(C(=O)Oc1ccc2ccc(C(=O)c3ccc4ccc(C(=O)Oc5ccc6ccccc5)cc4c3)CCC1,False,True
450.0,219,[*]Oc1ccc(C2(c3ccc(OC(=O)C([*])=O)C3CC3)cc2)cc1,False,True
450.0,220,[*]c1ccc2oc(-c3ccc(-c4c5c(ccc(=O)n(-c6ccc(Oc7ccc(Oc7ccc(C([*])(C9=O)ccccc8)cc7)cc65)sc4cc3)cc2-cccc2)s1,False,True
450.0,221,[*]C=C(F)C(=O)OC(F)(F)C(=O)OC1C3(c2ccc(OCCOC([*])=O)c(C(F)(F)F)cc2)c(C(F)F)C(F)F)c1cc1,False,True
450.0,222,[*]CC([*])(C)C(=O)OCc1ccccc1-c1cccccc1,False,True
450.0,223,[*]CCC(=O)NCCCCCCCCCCCCCCNC(=O)C(=O)C1[*],False,True
450.0,224,[*]Cc1ccc(OC(=O)C1C(=O)Oc2ccc(CCCCC(=O)NP([*])(=O)Oc3ccc(C)cc3)c2)cc1,False,True
450.0,225,[*]CCCCCCN1C(=O)C(COCOC([*])=O)C1CCC1C2(=O)N1C(CC(C)C3C1)CC32)CC12,False,True
450.0,226,[*]CC([*])(C)Oc1cccc(/C=N/c2ccc([N+](=O)[O-])cc2)cc1,False,True
450.0,227,[*]c1ccc(OC(=O)Oc2ccc(C(c3ccccc3)cc2)c2c(c2ccc(C(=O)N(c3cccccccc3)cc2)ccc(N3C(=O)c2cc(C([*])(C)C)c2)cc1,False,True
450.0,228,[*]C(=O)c1ccc(Oc2ccc(Oc3ccc(Oc4ccc(C([*])(C)C)cc4)ccc3Br)ccc2)cc1,False,True
450.0,229,[*]C(=O)Oc1ccc(C(=O)OC([*])=O)cc1,True,True
450.0,230,[*]C(=O)c1cccc2c(c1)C1C(=O)N(c1ccc(-c3ccc(Oc4ccc(C(=O)Oc5ccc([*])cc5C4=O)cc3)cc1)C2=O,False,True
450.0,231,[*]C(=O)Oc1ccc(C(=O)c2ccc(C([*])=O)cc2C)cc1,True,True
450.0,232,[*]NC(=O)OCCCCCCOC(=O)N(CCCCCOC2(C#N)C(C)(=O)OCNC(=O)c3ccccc(OC)cc3)c3cc([*])cc3C2=O)c1,False,True
450.0,233,[*]CNC(=O)c1ccc(S(=O)(=O)Oc2ccc(C(=O)Nc3cc(C([*])(C)C)cc3)cc2)c(C)c1,False,True
450.0,234,[*]CC([*])(C)C(=O)OCc1ccc(/N=N/c2ccc(C#N)cc2)cc1,True,True
450.0,235,[*]c1ccc(Oc2ccc(Oc3ccc4ccc(-c5nnc(C([*])(=O)o6cccc5)cc4)cc3)cc2)cc1,False,True
450.0,236,[*]CCc1ccc(-c2nnc([*])o(CCCC)o2)c1,False,True
450.0,237,[*]c1ccc(OCCCCOc2cccc(-c3ccc(-c4ccc(-n5c(=O)c6ccc(-c7ccccc8c(c9c(-c9cccc(=O)n9ccc([*])cc9n9cc7)ncc7)c6oc(-c6ccccccc6ccccc6)c6)o5)ccc4)cc3)c2)ccc1,False,True
450.0,238,[*]c1ccc2c(c1)C(=O)N(OCCCCCCCCCCCCCCC)c(N1C(=O)c3ccc([*])ccc3[Si]2)cc(N2C#N)cc(=O)[2H](cc2H](C)cccc14,False,True
450.0,239,[*]Cc1ccc(OC(=O)CCCCCC(=O)Nc2ccc(CC(=O)NCC([*])C(=O)OCCCCCCCCCCC1,False,True
450.0,240,[*]CCCN1C(=O)c2ccc(C(=O)c3ccc4c(c3)C(=O)N(CCCCCCCCCCSC5C(=O)N([*])C5=O)cc3C2=O)C1=O,False,True
450.0,241,[*]CC([*])(C)C(=O)Oc1ccc(C(=O)Oc2ccc(/N=N/c3ccc(Oc4ccc(/N=N/c5ccc(/C=C\c6cccc(C)cc(C)c8c7)cc(C)ccc7)cc6[N+]cc5)C(=O)O-c4cccccc4ccc(=O-cc5ccc4)cccc4)c3)c2)cc1,False,True
450.0,242,[*]c1ccc(OC(=O)OCc2cccc(NC([*])=O)c3cccc3)cc2C1,False,True
450.0,243,[*]CC([*])c1ccc(C(=O)c2ccc(C)cc3)nc2,False,True
450.0,244,[*]c1ccc(-c2ccc(C(c3ccc(Oc4ccccc(-c5nc6ccc([*])cc6)o5)c(-c5ccccc5)c4cccc3)cc2)c1,False,True
450.0,245,[*]OCCOCCCOC(=O)c1ccc(OCCCCOC(=O)c2ccc(C([*])(=O)OCCCCCC(N3C(=O)CC(=O)OCC(C)CC(F)(F)F)C(F)(F)F)cc2)cc1,False,True
450.0,246,[*]C(=O)c1cccc(CCc2ccc(NC(=O)c3ccc(C(=O)Oc4ccc(C([*])(C)C)cc4)cc3)cc2)cc1,False,True
450.0,247,[*]OCCCCCCOc1ccc2c(c1)C(=O)N(c1ccc(OCCCCOc3ccc(N4C(=O)c5ccc([*])cc5C4=O)cc3)4C2=O)c1,False,True
450.0,248,[*]Oc1ccc(Oc2ccc(Oc3ccc(Oc4ccc(Oc5ccc(Oc6ccc(C([*])=O)cc7)ccc5)cc4)cc3)ccc2)c1,False,True
450.0,249,[*]CC([*])(C)C(=O)OCC1C,False,True
450.0,250,[*]OC(=O)c1cccc(C(=O)c2ccc(NC(=O)OCCOc3ccc([*])cc3CCCC3=O)cc2)cc1,False,True
450.0,251,[*]CC([*])(=O)CCCCOc1ccc(-c2ccc(-c3ccc(-c4ccccc(-c5nnc([*])c5cccccc5)cc4)c3)c(-c2ccccc1,False,True
450.0,252,[*]C(=O)c1ccc(OCCCCCCCCC(=O)Oc2ccc(C(=O)N([*])c3ccccc3)C2(C)CCCCCCC3)c1,False,True
450.0,253,[*]CCCCC(=O)Nc1ccc(CCCC)cc1)C(=O)NCC1[*],False,True
450.0,254,[*]c1ccc(OCC(=O)Nc2cccc(C(=O)N(c3ccc(Oc4ccc(N5C(=O)c6ccc(C([*])(C)C)cc6C5=O)cc4)cc3)cc2)c1,False,True
450.0,255,[*]CC([*])(C)C(=O)OCCCCCCC,True,True
500.0,0,[*]Cc1cccc(NC(=O)c2ccc([*])cc2C(=O)Oc2ccccc2)cc1,False,True
500.0,1,[*]c1ccc(OP(=O)(=O)c2ccc(Oc3ccc(C4([*])CCC5OC(C)C(C)C(C)C5C5C4)o3)cc2)c(=O)C1,False,True
500.0,2,[*]CC([*])(C)C(=O)OCCCCCOC(=O)C1C(CC(C)OC)(CCC(C)C1)CC1,False,True
500.0,3,[*]=Cc1ccc(OC(=O)C)(COC(COCC)Oc2ccc(C(=O)NC([*])C(=O)OCc3ccc(CCC)c4C)cc3)c1,False,True
500.0,4,[*]CC([*])(C)C(=O)OC1C1C2CC1CC3CC2CCCC(=O)N2C(=O)C1C(C1,False,True
500.0,5,[*]c1ccc(OC(=O)Oc2ccc(C(=O)Oc3ccc(C(=O)Oc4ccc(C(=O)Nc5ccc(Oc6ccc(C(C)([*])(C)C)C)C)cc6)ccc5)cc4)ccc3)c2)c(cc1,False,True
500.0,6,[*]Cc1ccc(Oc2ccc(C([*])=O)cc2)cc1,True,True
500.0,7,[*]c1ccc(C2CCC(=O)N(C)C2C(=O)N(NC3CCC4C(=O)C5C(=O)N([*])C4=O)C3C2CBr)C12,False,True
500.0,8,[*]=C(=O)C1([*])C1(C)CCC1C(=O)OCC(=O)C(C)C1CC2,False,True
500.0,9,[*]CC([*])OC(=O)c1ccc(Oc2ccc(OC(=O)Oc3ccc(C(=O)OCC)cc3)cc2)cc1,True,True
500.0,10,[*]c1ccc(Oc2ccc(Oc3ccc(-c4ccccc5ccc(S([*])(=O)=O)cc6O)cc5)cc4cc3)cc2)cc1,False,True
500.0,11,[*]Nc1ccc2c(c1)C(=O)N(c1cccc(N3C(=O)CCCCCC(=O)Nc4ccccc([*])cc4C3=O)c1)C2=O,True,True
500.0,12,[*]CCCNC(=O)OCCCCCCCCCCCCOC1C(=O)NC(=O)COC([*])=O,False,True
500.0,13,[*]C(=O)Nc1ccc(NCC(=O)c2ccc([*])cc2C(=O)C2=O)cc1,False,True
500.0,14,[*]CC([*])c1ccc(C(=O)OCCCCOCCOc2ccc(/N=C\c3ccc([N+](=O)[Si](C)[Si])(C)cc3)cc2)cc1,False,True
500.0,15,[*]Nc1ccc(Oc2ccc3c(c2)C(=O)N(c2ccc(OCCOCCCCCC)c([*])cc2-c2cccccc2-c3ccccc2)cc1,False,True
500.0,16,[*]C(=O)c1ccc2c(c1)C(=O)N(c1ccc(-c3cccc4ncc(-c5ccc(-c6cccc7ncc(-c7ccccccc(-c8cccccc%10nc9cc([*])c9cc8C7=O)cc6)ccc5)c4c(-ccc4)cccc4o3)c1)C2=O,False,True
500.0,17,[*]CC([*])(C)C(=O)OC(C)C(C)C(=O)OC12CC(=O)CC1,False,True
500.0,18,[*]C=Cc1cc(OC(=O)OCCC(C)C(C)C(C)C2(C)(C(CCl)(C)(C)C(=O)Oc3ccc(C([*])C)cc3C)cc2C)c(C)c1,False,True
500.0,19,[*]CN1C(=O)C(CCCCCCCNC([*])=O)C1,True,True
500.0,20,[*]C(=O)c1ccc(-c2ccc(Oc3ccc([*])cc4ccc3)c(C(C)(C)CCC)c3cccc3)ccc2)(c1,False,True
500.0,21,[*]c1ccc(Oc2ccc(N3C(=O)c4ccc(C(C)c5c([*])cc5C(F)(F)C(F)(F)F)C(F)(F)C(F)(F)F)C(F)(F)F)cc4CCO4)ccc3[N+](CC)(F)(F)F)C(F)F)C(F)c(F)(F)C(F)F)(F)c2=O)c(F)c1,False,True
500.0,22,[*]C=CC(C)CC(=O)N(C(F)(F)C(F)(F)C(F)(F)C(F)(F)(F)C(F)(F)C(F)(F)C(F)(F)(F)C(F)(F)C(F)([*])C1C1=O,False,True
500.0,23,[*]=C1CC(C(=O)CCC1CCCCC(CCCCCC)C([*])CC12,False,True
500.0,24,[*]OC(=O)c1ccc(OC2CCC3CCCC(C3)C2CC([*])=O)cc2CC1,False,True
500.0,25,[*]CC([*])C(=O)OCCOc1ccc(C)cc1,True,True
500.0,26,[*]CC([*])(C)C(=O)OCCN(C(=O)CC2CCCCC(=O)N(c3ccccc(S(=O)(=O)OCCCCC)cc3)OC2cc1,False,True
500.0,27,[*]NC(=O)c1ccc(OC(=O)OCCOCC(C(=O)OC(=O)Oc2ccc(-c3ccc(Cc4ccccc(C(C)C)c5cc(OC([*])=O)cc5)cc(C)cc4C)cc3)cccc23C)c1=O,False,True
500.0,28,[*]c1ccc(Oc2ccc(C(=O)c3ccc(Oc4cccc(Oc5ccc(S([*])(=O)=O)cc5)cc4)cc3)cc2)c1,False,True
500.0,29,[*]Nc1ccc(Oc2ccc(P(=O)(c3cccc(Oc4ccc(NC(=O)c5ccc(C([*])=O)c5)cc4)c4)cc3)ccc2)cc1,False,True
500.0,30,[*]Cc1ccc(OC(=O)CCCCC(=O)Oc2ccc(CC(=O)NC([*])C(=O)OCCOc3ccccc(CC)cc3)ccc2)cc1,False,True
500.0,31,[*]NCCCCCCCC(=O)NCCCC(=O)Nc1ccc(C(=O)c2ccc(OCCCC([*])=O)cc2)cc1,True,True
500.0,32,[*]C(=O)Nc1ccc(C(=O)NCCCCCCCCCCCCCCCCCOc2ccc2c(NC(=O)c3ccccc3C(=O)N([*])C4=O)cc2=O)c1,False,True
500.0,33,[*]c1ccc(OC2(c3ccc(Oc4ccc5c(c4)C(=O)N(c4ccc(Oc7ccc(N8C(=O)c9cccc([*])(C)C)cc8C8=O)c6C7C6=O)c4C5=O)cc3)cc2)cc1,False,True
500.0,34,[*]c1ccc(OC(=O)OC2C(F)(C(F)(F)C(F)(F)C(=O)Cc3cccc([*])cc3[N+](=O)[O-])c(C)c2)cc1,False,True
500.0,35,[*]CC([*])(C)C(=O)OCCCC,True,False
500.0,36,[*]CC([*])(C)C(=O)OC1CCC2(C)(c3ccccc(OC)c3ccc(OC)ccc3)Cc2=O)OC1,False,True
500.0,37,[*]NCCCCCCCCCNC(=O)c1ccc(C(=O)OCC([*])CO)cc1,True,True
500.0,38,[*]CC([*])(C)C(=O)OC(=O)N(C)C,True,True
500.0,39,[*]CC([*])(C)C(=O)Oc1cccc(C(=O)Oc2ccc(OCCCCC)cc2)cc1,False,True
500.0,40,[*]c1ccc(Oc2ccc(Cl)c(Oc3ccc(C([*])(C)C)cc3)cc2C(C)cc1,False,True
500.0,41,[*]c1ccc(NC(=O)Nc2ccc(NC(=O)N(C)C(=O)Nc3cccc([*])cc3C2=O)cc1,False,True
500.0,42,[*]C=C1Ccc(/C=C#C/C/C/C#CC)C2C(=C)/C(C#C#C=C/C(\C#N)C(C)=C3(CC#N)=C)C([*])=CCCCCC2)(C(C)(C)CCCC)C(CCCCC1,False,True
500.0,43,[*]CC([*])(C)C(=O)Oc1ccc(C(C)(C)C)cc1,True,True
500.0,44,[*]CC([*])(C)C(=O)OCCC1C(C)(C)CC(=O)C1,True,True
500.0,45,[*]CCCCCCCC(=O)c1ccc2c(c1)C(=O)N(c1ccc(OCCC(=O)Nc3ccccc(C)(C)([*])C)cc3C2=O)cc1)CBr,False,True
500.0,46,[*]CC([*])(C)C(=O)N(c1ccc(C(=O)N(c2cccc(C(=O)Nc3ccc(C(F)(F)F)cc3)cc1)C2=O,False,True
500.0,47,[*]Nc1ccc(Oc2ccc(NC(=O)c3cc(C(=O)Nc4ccc(C([*])=O)cc4C(F)(F)cc3)C(F)(F)F)cc2)C1=O,False,True
500.0,48,[*]CC([*])(C)C(=O)NC(=O)Oc1ccc(/C=O)c2ccc([N+](=O)[O-])cc2)ccc1,False,True
500.0,49,[*]c1ccc2c(c1)C(=O)N(c1ccccccc1)C(=O)N(c1ccccc(S(=O)(=O)([*])=O)cc1)C2=O,False,True
500.0,50,[*]CC([*])(C)C(=O)OCC1(C)C1[*],False,True
500.0,51,[*]C=C(C=C)OCCCOC([*])=OC)C(C,False,True
500.0,52,[*]CC([*])(C)C(=O)Oc1ccc(OC=CC1)cc(/C=C/c2ccc(/c3cccc(C#N)cc3)cc2)cc1,False,True
500.0,53,[*]CC([*])(C)C(=O)OCCCCCCCCOc1ccc(C(=O)N2C(=O)C(=O)cc(NC(=O)C(=O)OCCCC)cc2)cc1,True,True
500.0,54,[*]C(=O)Oc1ccc(C(=O)c2ccc(Oc3ccc([*])cc3S(=O)(=O)c3ccccc3)cc2)cc1,True,True
500.0,55,[*]=c1ccc(OC(=O)c2ccc(N3C(=O)Oc4ccc(C(=O)Nc5ccc([*])cc5C(=O)OCCCCCCCCCCC)c(CC)c4)cc3)c2)cc1,False,True
500.0,56,[*]Cc1cccc(OC(=O)CCC(=O)OCC(=O)NC(=O)OCCCOc2ccc(C([*])=O)cc2)cc1,False,True
500.0,57,[*]C(=O)Nc1ccc(C(=O)c2ccc(C(=O)NCCCCCNC(=O)c3ccc(Oc4cccc(C([*])(=O)CCC)cc4)c3)ccc2cc1,False,True
500.0,58,[*]c1cccc2c(c1)C(=O)N(c1cccc(Oc3ccc(Oc4ccc(N5C(=O)c6ccc(Oc7ccc([*])cc7C7=O)cccc7C5=O)c4)c3)c1)C2=O,False,True
500.0,59,[*]OCCCCCCCCCCCCCCCCCCCCCCCCCCOc1cc(-c2c(-c3ccccc4nnc4-cccc4c([*])cc3)cc2cc1,False,True
500.0,60,[*]c1ccc(OC(=O)C(=O)Oc2ccc(C(c3ccc(-c4ccc(-c5ccc([*])cc5)cc4)cc3)cc2)cc1,False,True
500.0,61,[*]C(=O)c1ccccc(NC(=O)c2ccc(C(=O)c3ccc(Cc4cccc([*])cc4)cc3)cc2)cc1,False,True
500.0,62,[*]CC([*])c1ccc(C(=O)Oc2ccc(Oc3ccc(NC(=O)c4ccccc4)cc3)cc2)c1,False,True
500.0,63,[*]CC(C([*])CCCCCCC(=O)(C)C,False,True
500.0,64,[*]c1cccc(Oc2ccc(NC(=O)c3ccc(P(=O)(=O)c4ccc(Oc5ccc(Oc6ccc(N6C(=O)Cc7ccc(Oc9ccc(Oc9ccc(S([*])(=O)(=O)c7)ccc7)ccc6)(C(C)C(F)(F)F)cc5)C6=O)cc4)ccc3)cc2)c(C)(F)cc1,False,True
500.0,65,[*]CN1C(=O)c2ccc(CC(=O)c3ccc(C(=O)N4C(c5ccc7c6c(c6)C(=O)N(c5ccc(Oc7ccc(C([*])=O)ccc8C8=O)ccc6)C6=O)ccc4-ccc4cccc3)C3=O)cc2)c1,False,True
500.0,66,[*]=NP(=NP(=[*])(=N(c1ccc([Si](C)(C)C)C)cc1)c1ccc([O-])(C)c1c1,False,True
500.0,67,[*]CCCCCCCCCN1C(=O)c2cccc(NC(=O)c3ccc(C(=O)NCCC([*])=O)CCC3=O)cc2)C1=O,False,True
500.0,68,[*]N=Nc1ccc(OC2CCCCCCCCCCCCCCCC(NC(=O)NC(=O)C1CC(=O)Oc3ccc(COc4c([*])ccc4[N+](=O)[O-]5C(=O)cc3[O-])c12,False,True
500.0,69,[*]C(=O)N(CCCCNC(=O)c1ccc(C(c2)C(=O)N(c4ccc5c(c4)C(=O)N([*])cc4C3=O)C2=O)c(Br)c1,False,True
500.0,70,[*]CC([*])c1ccc(C(=O)Oc2ccc(C)cc2)cc1,True,True
500.0,71,[*]C=C1CCC([*])C2C(=O)N(c3ccc(/N=C\C=N/c4cccc5cc(c4)C4=CCCCC5C4CCCC4(C4)C4CC1O,False,True
500.0,72,[*][*]OCCCCCOc1ccc2ccccc3c3cccc2212ccccccc1[*],False,True
500.0,73,[*]c1ccc2nc(-c3ccc(-c4cccc5c(c4)c(-c4ccccc(N5C(=O)n([*])(C(C)CCCC)CCCC5=O)c3CCCC3=O)cc2)c1,False,True
500.0,74,[*]CC([*])c1ccc(OC(=O)CCC1)C(=O)Oc2ccc(-c3ccc(OCCC)c(C(C)(C)C(C)C(C)(C)C)cc32)c1,False,True
500.0,75,[*]CC([*])(C)C(=O)OC1CCC2C2CCCCC(=O)N(C)CC(=O)OC(C)C2)CC1,False,True
500.0,76,[*]c1cc(CC)c(Oc2ccc(C#N)c(Oc3ccc(C(=O)c4ccc(OC(C)(C)c5ccc(-c6cc(C(=O)c7ccccc(C([*])(C)C)C)ccc7)cc5cccc6)cccc4)cc3)c2)cc1,False,True
500.0,77,[*]C(=O)c1ccc(C(=O)c2ccc3c(c2)C(=O)N(c2ccc(C(=O)NC([*])C(=O)CC)cc3)cc1,False,True
500.0,78,[*]Nc1ccc(OCCCCCN1C(=O)c2ccc(-c3cccc([N+](=O)[O-])cc3Br)c2)cc1,False,True
500.0,79,[*]Oc1ccc(-c2ccc(NC(=O)c3ccc([*])cc3C(=O)OCCOc3cccccc2)C1,False,True
500.0,80,[*]C(=O)Nc1ccc(-c2ccc(-c3ccc4sc([*])c3)cc2)c(-c2ccc(-c3cc4ccc3)c(F)cc1,False,True
500.0,81,[*]C(=O)Nc1ccccc2nc(-c3cc(Oc4ccc(NC(=O)c5ccc(C([*])=O)cc5)cc4)cc3)oc2)cc1,False,True
500.0,82,[*]CN(C(=O)OC(=O)c1ccc(Br)c([*])cc1Cl,False,True
500.0,83,[*]OC(=O)c1ccc(CC(=O)c2cc(Oc3ccc(-c4ccc(Oc5ccc(C([*])=O)cc5)cc4)cc3)cc2)cc1,False,True
500.0,84,[*]c1ccc(Oc2ccc(C(=O)c3cccc([*])c3)cc2)cc1,True,True
500.0,85,[*]C(=O)NCCCCNC(=O)c1ccc(C([*])=O)c1OC2=O,False,True
500.0,86,[*]c1ccc(Oc2ccc(/C=C/C=(\[Si](C)(C)C#N)C(=C)C3(=O)cc([*])cc3C=O)c2)cc1,False,True
500.0,87,[*]Cc1ccc(Oc2ccc(NC(=O)c3ccc(-c4ccc(Oc5ccc(NC(=O)c6ccc(C([*])=O)cc5)cc4)cc3)cc2)c1,False,True
500.0,88,[*]c1cc(C)c(OCCOC(=O)C(C(=O)Oc2ccc(CC4([*])cc)cc3[N+](=O)[O-])c([Si](C)(C)C)c2)cc1,False,True
500.0,89,[*]c1ccc2c(c1)C(=O)N(c1ccc(Oc3ccc(N4C(=O)c5ccc([*])cc5C4=O)cc3)c1)C2=O,False,True
500.0,90,[*]c1ccc(OCCOC1(CC)(C)C([*])C(C)C)cc1,False,True
500.0,91,[*]CC([*])(C)C(=O)OCc1ccc(C(=O)c2ccc(C(=O)OCC(C)C(C)C3(C)C(C)C3)cc2)cc1,True,True
500.0,92,[*]Cc1ccc(C(=O)Oc2ccccc3c(c2)CC(=O)N(CC4CC(C5)C(=O)N(c4ccc(C)C6CC(=O)N([*])cc6ccc5C4=O)C4=O)cc2C1,False,True
500.0,93,[*]C(F)(F)C([*])(F)(F)C(=O)c1ccc(C(F)(F)C(=O)(C(F)(F)F)C(F)(F)F)c1,False,True
500.0,94,[*]Oc1ccc2c(c1)C(=O)N(c1ccccc(Oc3ccc(C(c4ccc(Oc5cccc(C([*])=O)cc5)cc5)cc4)cc3)cc2)ccc1)c1)c1,False,True
500.0,95,[*]C(=O)Nc1ccc(C(=O)c2ccc(Oc3ccc(NC(=O)c4ccc(C([*])=O)cc5C4=O)cc3C2=O)c(C(F)(F)F)c1,False,True
500.0,96,[*]=Nc1ccc(OCCCCCCOc2ccc(C(=O)c3ccc(-c4ccc5c(c4)C(=O)N(c4ccccc([*])cc3CC)cc2=O)CCCCCC)c(CCC)c1,False,True
500.0,97,[*]Nc1ccc(NC(=O)c2ccc(OC(=O)C(=O)Oc3ccc(C(=O)c4ccc(C(=O)OCCCCP(=O)(=O)(=O)c5ccc(Oc6cc(C(=O)NC([*])C)C)cc4=O)c3)ccc2)c1,False,True
500.0,98,[*]CC([*])(C)C(=O)Oc1ccccc1,True,True
500.0,99,[*]Cc1ccc(Oc2ncc(-c3ccc(Oc4ccc5nc(-c6ccc(Oc7cccc(C([*])=O)cc7)ccc6nc5-nc5cc5cccccc4)cc3cc2)c1,False,True
500.0,100,[*]CCCCC(=O)N(CCCCCCCCCCCC)C([*])=O,True,True
500.0,101,[*]OCCCCCOc1ccc2c(c1)C(=O)N(c1ccc(OCCCCCCCCCCCCCCCCN3C(=O)c4cc(C([*])=O)cc4c3)cc13CC,False,True
500.0,102,[*]Oc1ccccc1C(=O)N(c1ccc(Oc2cccc(N3C(=O)c4ccc([*])cc4C(=O)OC(F)(F)F)C(F)(F)C(F)(F)C(F)(F)cc3)ccc1)C2=O,False,True
500.0,103,[*]C(=O)Nc1ccc(C(=O)NCCNC(=O)c2ccc3cc([*])cc([N+](=O)[2)[2H],False,True
500.0,104,[*]CC([*])C(=O)OCCC(=O)C1(C)C(=O)CC1C(=O)OC1,False,True
500.0,105,[*]CC([*])(C)C(=O)OC1C([O-])C(O[Na](C)(C)C,False,True
500.0,106,[*]C(=O)c1ccc2c(c1)C(=O)N(c1ccc(C([*])=O)ccc3cc2C1=O)OC1cc(C(C(F)(F)C(F)(F)F)C(F)C)C1=O,False,True
500.0,107,[*]CCCCC(=O)Nc1ccc(OC)cc2cc(C([*])=O)cc2)cc1,False,True
500.0,108,[*]CCCCCCCCC(=O)Nc1ccc(Oc2ccc(NC([*])=O)cc2)CC1=O,True,True
500.0,109,[*]C=CC1C(=O)NC(=O)CC(C)(C)C(=O)C([*])C,False,True
500.0,110,[*]NC(=O)c1ccc(C(=O)Nc2cc(CC(=O)c3ccc(C([*])(C)C#N)C#N)cc2)cc1,False,True
500.0,111,[*]c1ccc2nc(CCCCCC)c(N3C([*])(C)cc(C)cc4cccccc3-c3)ccc2)c1,False,True
500.0,112,[*]O[Si](C)(C)C(=O)c1ccc(Oc2cc(C(=O)OC([*])CCCCCCC)c(C)cc2)cc1Cl,True,True
500.0,113,[*]C(=O)c1ccc2c(c1)C(=O)N(c1ccc(OCCOc3ccc(OCC(=O)c4cccc(N5C(=O)c6ccc(-c8cccccc([*])cc8CC)cc7=O)ccc5)cc4)c3C2=O)cc1)CC1,False,True
500.0,114,[*]C(=O)c1cccc(Oc2ccc(/C=C/c3ccc(C=C#N)c4ccc(CC)c([*])cc4C(C)CCCCC)cc3)cc2)cc1,False,True
500.0,115,[*]CC([*])(C)C(=O)Oc1ccc(-c2ccccc([O-])cc2)cc1,True,True
500.0,116,[*]CC([*])(C)C(=O)OCCOC(=O)OCCOCOC1OC(OC)=O,False,True
500.0,117,[*]C(=O)c1ccc2c(c1)C(=O)N(c1ccc(OCCC5CC4C([*])C3)cc1)C2,False,True
500.0,118,[*]c1ccc(OC(=O)Oc2ccc(C(=O)Oc3ccc(C(c4ccc(OC)cc(Oc5ccc(Oc6ccc(C([*])(C)c7)cc6)ccc5)cc4)c4)ccc3)cc2)c1,False,True
500.0,119,[*]C(=O)Nc1ccc(NCc2ccc([*])c(C)cc2)cc2o1-c1ccccc2cccccc1)n1,False,True
500.0,120,[*]c1ccc2c(c1)C(=O)N(c1ccc(N(Cc3ccc(N4C(=O)c5ccc([*])c(C(F)(F)[Si](F)(F)F)F)cc4C(F)F)ccc3C2=O)c1)C1)C1=O,False,True
500.0,121,[*]c1ccc(Oc2ccc(C(=O)N(F)C(F)(F)(F)C([*])(F)F)cc2C)cc1,False,True
500.0,122,[*]C(=O)c1cccc(-c2ccc(-c3ccc(-c4nc5c(-c6ccc(Oc7ccc([*])ccc8)cccc6)cc4)cc3)cc1,False,True
500.0,123,[*]CC([*])(C)C(=O)OCCOc1ccc(-c2ccc(S(=O)(=O)O)cc2)cc1,True,True
500.0,124,[*]C(=O)c1ccc(Oc2ccc(=C(=O)c3ccc(CC(=O)c4ccc([*])cc4)cc3)C(=O)N([O-])c3cccc2)cc1,False,True
500.0,125,[*]Oc1ccc(Oc2ccc(Oc3ccc(Oc4ccc(Oc5ccc(NC(=O)c6ccc7c(c7ccc(C(=O)Oc8ccc(Oc9cccc9)c([*])ccc88)C(=O)O)cc7)cc6)cc5)C(=O)cc4cc(OCCCCC5CCCCCCCCCCCCO)c3)c2)cc1,False,True
500.0,126,[*]c1ccc(Oc2ccc(N3C(=O)CCCCCCC)c([*])c3ccccc2C)c1,False,True
500.0,127,[*]CC([*])(C)C(=O)OCCCC,True,False
500.0,128,[*]Oc1ccc2c(Oc3ccc(OCCOC(=O)OC(=O)c4cc(-c5ccc(Oc6ccc(C([*])=O)c6cccccc5)c4)cc3)cc23cccc1,False,True
500.0,129,[*]c1ccc2c(c1)C(=O)N(c1ccc(OCCCCOP([*])(=O)C3)ccc1)C2=O,False,True
500.0,130,[*]Oc1ccc(-c2ccccc2C(=O)Oc2ccc(Cc3ccc(N4C(=O)c5ccc(Oc7ccc([*])cc7C6=O)cc5)cc4C4=O)ccc3)ccc2)cc1,False,True
500.0,131,[*]C(=O)N(c1ccc(C(=O)N([*])c2ccc(C(F)(F)F)C(F)(F)C(F)(F)F)cc1F,False,True
500.0,132,[*]c1ccc(Oc2ccc(NC(=O)c3ccc(Oc4ccc(NC(=O)C6C(=O)N(c7cccc(Oc8ccc(C([*])(C)C)cc8)c7C9=O)cccc6)cc5C5=O)(C(F)(F)F)C(F)C(F)(F)(F)F)ccc3C2=O)cc1,False,True
500.0,133,[*]OCCCCCCCCCC(=O)NCCCCCC(=O)c1ccc(/C=C/c2ccc(/C=C=C=C/c3ccc([*])cc3)cc2)cc1,True,True
500.0,134,[*]c1ccc(-c2ccc(-c3ccc(Oc4ccc4)c(-c4cccc(Oc5ccc(NC(=O)c7ccccc([*])cc8C8=O)ccc6)cc(-c6cccccccc6)c5cc4-ccccc4C#N)c3C4=O)cc2)cc1,False,True
500.0,135,[*]CC([*])(C)C(=O)Oc1ccc(Cl)c(OCCC)c(OC(=O)c2ccc(Br)c(Cl)cc1,False,True
500.0,136,[*]COC(=O)c1ccc(Cc2ccc(OC=Cc3ccc4cc(c3)CO[nH]([*])(C)CCC)cc2)cc1,False,True
500.0,137,[*]c1ccc2c(c1)C(=O)N(c1ccc(OCCCCCCCCCCOc3ccc(N4C(=O)c5ccc([*])cc5C4=O)cc3)cc1)C2=O,True,True
500.0,138,[*]CCCCCCCCCCCCCC(=O)NCC1CCCCCCCCCC(CCC1)CCC1C4C2CCCCCC1CCCC(=O)NCC1C([*],False,True
500.0,139,[*]C(=O)NCCCNC(=O)CCCNC([*])=C2C3CC2(/C)C3CCC(c2CCCCC(CC)CC2)OC1,False,True
500.0,140,[*]c1ccc(Oc2ccc(Oc3ccc(N4C(=O)c5ccc([*])cc5C(F)(F)C(F)(F)F)C(F)(F)F)cc4C3=O)cc2C1,False,True
500.0,141,[*]NC(=O)c1ccc(OCCNC(=O)c2ccc(C([*])=O)cc2)cc1,True,True
500.0,142,[*]CC([*])(C)c1ccc(N2C(=O)C3CCCCCC4CC3C2C2C2)cc1,False,True
500.0,143,[*]CC([*])(C)C(=O)OCCCCCCC(=O)Oc1ccc(/N=C/c2ccc([N+](=O)[O-])cc2Cl)c1,False,True
500.0,144,[*]CC([*])(C)C(=O)Oc1ccc(-c2cccc(Oc3ccc(C(=O)CC(=O)Oc4ccc(CC(=O)NC(=O)c5cccc(C)(C)c6ccccc6)cc53)cccc2)cc1,False,True
500.0,145,[*]CCCCCCCCCCCCCC(=O)NC(=O)c1ccc(-c2cccc3cc(-c3sc(-c4cccccc(NC([*])=O)cc4)cc3)c([n3)c2)ccc1CC(=O)CO,False,True
500.0,146,[*]c1ccc(OCCc2ccc(C(NC(=O)C4CCCCCCCCCCN([*])=O)cc3)C2=O)cc1,False,True
500.0,147,[*]C(=O)NCNC2C(=O)CC([*])=O,False,True
500.0,148,[*]c1ccc(-c2ccc(Oc3ccc(C(=O)N(CCCOC(c4ccc(C(N6C(=O)C(=O)CCCCC)CC(CCCCCO)C)cc([*])c5C(=C(C(F)(F)F)F)C(F)(F)(F)F)F)cc4)C4=O)ccc3C2)cc1,False,True
500.0,149,[*]C(=O)Nc1ccc(C(=O)c2ccc(Oc3ccc(C([*])=O)cc3)cc2)cc1,True,True
500.0,150,[*]CC([*])(C)C(=O)Oc1ccc(C(=O)Oc2ccc(C(C)(C)C)cc2)cc1,True,True
500.0,151,[*]C(=O)OCCCC(=O)Oc1ccc(C(=O)Oc2ccc(C([*])=O)cc2)cc1,True,True
500.0,152,[*]Oc1ccc2nc(-c3ccc(-c4ccc(-c5ccc([*])ccc(-c5ccccc6)cc5)c5ccccc4n3)o2)ccc1,False,True
500.0,153,[*]NC(=O)CN(C(=O)Cc1cccc(C([*])(C)=O)c(C(F)(F)C)(F)C(F)(F)F)c1cc(F)C(F)(F)F,False,True
500.0,154,[*]C=CC(\CC(=O)OCCCC(=O)Oc1ccc(-c2ccc(-c3ccc3)cc(OC([*])=OCCCC(=O)C(CC)C)cc2)c(C)c1,False,True
500.0,155,[*]CC([*])C(=O)Oc1ccc(C(=O)OC2C)cc1Br,False,True
500.0,156,[*]C)C(=O)Nc1ccc(-c2ccc(-c3ccccc3)n(-c3ccc(OCCCCCCCCC)c([*])cc3CCCCCCCCCCCCC)cc2CC(C)cc1Br,False,True
500.0,157,[*]C(=O)c1ccc(Oc2ccc(C(=O)c3ccc(Oc4ccc([*])cc4C)cc4)cc3)cc2)cc1,False,True
500.0,158,[*]c1ccc(C(=O)Oc2ccc(-c3ccc(-c4ccc(Oc5ccc(C([*])(C)C)cc5)cc4)cc3)ccc2)n(-c3ccccc3cc2)cc1,False,True
500.0,159,[*]CC([*])(CCC(=O)OCC(=O)Oc1ccc([N+](=O)[O-])cc2-cccc2)cc1,False,True
500.0,160,[*]C(=O)C(=O)NCCCCCCCCN1C(=O)C(=O)C(=O)NCC2)C(C(=O)NC([*])(C)C(C(C)C)C1=O)(C(C)(C)C,False,True
500.0,161,[*]CC([*])C(=O)Oc1ccc(C(=O)OC2CC3)c(OC(=O)C(OC(=O)CCOC3CCC2)C1,False,True
500.0,162,[*]C(=O)c1ccc(Oc2ccc(C(=O)c3ccc(Cc4ccc(NC(=O)c5ccc([*])c6C(C)(C)C#N)c5)cc3)C(C)(F)(F)F)cc2C3=O)cc1,False,True
500.0,163,[*]C(=O)Oc1ccc2c(N(C(=O)CCCCCCCCCCCC)cc(C(=O)OC(=O)NCc3ccc([Si](C)(C)C)[Si](C)(C)[Si](C)(C)O[Si](C)(C)(C)O[Si](C)([*])C)C)cc2)C)cc1F,False,True
500.0,164,[*]Oc1ccc(C(c2ccc(OC(=O)c4ccc(Oc5ccc(C([*])=O)cc5)cc4)c(OC)c3c(Br)ccc3-c3cccc(OC(F)(F)F)cccc2)cc1,False,True
500.0,165,[*]c1ccc(OC(=O)c2ccc(Oc3ccc(-c4ccc(-c5ccccc5)c4c(-c5cccc([*])s5)cc5n4)ccc3)cc2)c1,False,True
500.0,166,[*]Oc1ccc(OC(=O)c2ccc(OC(=O)c3cc(Cc4ccc([*])=O)cc3)cc2)cc1,False,True
500.0,167,[*]Cc1ccc(Oc2ccc(OCC(=O)COc3ccc(C([*])=O)cc3)cc2)cc1,True,True
500.0,168,[*]Oc1ccc2cc(OC(=O)c3ccc(C([*])=O)cc3C2=O)cc1,True,True
500.0,169,[*]CC([*])(C)C(=O)OCCC(C)C1CCCCCCCCCC(=O)N(C2C(OC(=O)C(C)CC(=O)C3CCOC4C3)C(C2)C(C,False,True
500.0,170,[*]C(=O)c1ccc(Oc2ccc(N3C(=O)CC(=O)Oc4ccc(C([*])=O)cc4)cc3C2=O)OC1,True,True
500.0,171,[*]CC([*])C(=O)NC1CCCCC2C1CC2C12CC1CCC2,True,True
500.0,172,[*]CC([*])(C)C(=O)OCC(C)C(=O)Oc1ccc(C(C(=O)O)C(C)C1,False,True
500.0,173,[*]NC(=O)OCCCCCC(=O)Nc1ccc(OCCCOc2ccc(-c3ccc(C([*])=O)cc3)cc2)cc1,True,True
500.0,174,[*]OCCCCCCCN([*])C(=O)c1ccc(C(=O)O)cc1,True,True
500.0,175,[*]c1ccc(OC(=O)Oc2ccc(C([*])(C)CCCCC)cc2)cc1,True,True
500.0,176,[*]CCCCCCCCCCC(=O)Nc1ccc(-c2ccc(OCCCCCCOc3ccc([*])cc3)cc2C1=O,False,True
500.0,177,[*]c1ccc(Oc2ccc(Sc3ccc4cc(OCCOc5ccc6c(C(=O)N(c6ccc(Oc7ccc(C(C)([*])(C)c9ccccc8)C,False,True
500.0,178,[*]C(=O)Nc1ccc(N2C(=O)c3ccc(C(=O)c4ccc(C(=O)NC(=O)c5ccc(C([*])(C)C)cc5C4=O)cc3)ccc2)cc1,False,True
500.0,179,[*]OCCCC(=O)Nc1ccc2c(c1)C(=O)N(c1ccc(C([*])(=O)c3ccccc(/N=N/c4cccc(C=O)c5cc4n3)cc1)C2=O,False,True
500.0,180,[*]C(=O)NCCCCCCCCCCCCCCCCCCCCCC)c1cc(NC(=O)c2ccc(NC(=O)c3ccc(C4=O)cc4ccc(C([*])=O)cc3)C2=O)cc1,False,True
500.0,181,[*]c1ccc(-c2ccc(-c3ccc(-c4ccc(C([*])(C)C)s4)ccc3)n2)c1,False,True
500.0,182,[*]CC([*])(C)C(=O)Oc1ccc(C=O)c2ccc(OC(=O)C3ccc(OC(=O)Oc4ccccc5cc4)cc3ccc2)cc1,False,True
500.0,183,[*]CCCCC(=O)Nc1ccc(C([*])=O)cc1,True,True
500.0,184,[*]Cc1cc(OC(=O)c2ccc(Oc3ccc(C(=O)Nc4ccccc4c(c3)C(=O)N(c3ccc(C([*])=O)Occ4)cc3)cc2)cc1,False,True
500.0,185,[*]CCCCCCCCCCCCCCCCCCCCCCCCCCCCCCCCCC1C(=O)N(c2ccc(N4C(=O)C5C4CC5CC4CCCCC4)C3=O,False,True
500.0,186,[*]CC([*])C(=O)Nc1cccc(CCCCCC)cc1,False,True
500.0,187,[*]CC([*])c1ccc(C(=O)c2ccc(-c3ccc(-n4ccc(-c5cccc(Oc6cccccc6)cc5n4)nc3)ccc1,False,True
500.0,188,[*]COC(=O)c1ccc(C)c([*])cc1OCC2,False,True
500.0,189,[*]c1ccc(OCC(O)COCCOC(=O)c2ccc(Oc3ccc(C(=O)OCCC([*])(F)(F)F)C(F)F)(F)cc3)cc2)cc1,False,True
500.0,190,[*]CC([*])(C)C(=O)OCCCCCOc1ccc(C(=O)Oc2ccc(/N=N/c3ccc([N+](=O)[O-])cc3)cc2)cc1,True,True
500.0,191,[*]c1ccc2c(c1)C(=O)N(c1cc(CCCCCCCCCCC)c1)ccc1[*],False,True
500.0,192,[*]CC([*])(C)C(=O)OC1CCCC2C(C(C(C)=O)OC,False,True
500.0,193,[*]CCCCCC(=O)Nc1ccc(N=Cc2cc(OC(=O)NCCCCCCCCCCCCCCCCN2C(=O)c5ccc([N+])c([*])cc4C(=O)C4=O)cc2)cc1-cc1cccccc(/C=N/c2cccc(C#N)cc1,False,True
500.0,194,[*]CC([*])(C)C(=O)OCC1CCCCCCCOc2ccccc3c(C(=O)OC1[*])C,False,True
500.0,195,[*]Nc1ccc(C(=O)OCCCCNC(=O)c2ccc(OCCS(=O)(=O)c3ccc(S(=O)(=O)(=O)Nc3ccc(C(=O)C([*])=O)ccc3)C4=O)ccc2)C1,False,True
500.0,196,[*]c1ccc(Oc2ccc(/C#C/C=C#N)c3ccc(-c4ccc5nc4)nc(-c4ccc5cc(C([*])=O)ccc5)cc4ccc3)c(C#C)cc2)c(F)c1,False,True
500.0,197,[*]CC([*])(C)C(=O)OCC,True,False
500.0,198,[*]=CCCCCCCC1C(=O)NCC(=O)C1C(=O)C2CCC(C3CCCCCC43C(C([*])=O)C2)CC12=O,False,True
500.0,199,[*]C(=O)Nc1ccc(N(c2ccc(C(=O)c3ccc(C([*])(C)CC)cc3)c2)cc1,False,True
500.0,200,[*]CC([*])(C)C(=O)OCCn1c2cccc(-c3ccc(N4CCC4CCCCC5)cc3)cc2ccccc2)cc1,False,True
500.0,201,[*]C(=O)NCCC(=O)c1ccc2c(c1)C(=O)N(c1ccccc(OCCCCCCCCCCCC)cc2)c([*])cc1-c1c(N(=O)OC(C(=O)C(C)(F)(F)F)C(F)C(F)(F)(F)F)F)cc1,False,True
500.0,202,[*]CC([*])(C)C(=O)OCCCCCCCCCCCCCCCCCCCCCCCCCOc1cccc2c(c3ccccc32)cc1,True,True
500.0,203,[*]CC([*])(C)C(=O)OCCCCOc1ccc(OC(=O)Oc2ccc(OCCOCCCC)cc2)cc1,True,True
500.0,204,[*]CC([*])(C)C(=O)NCc1cc(C(=O)OCC(C)C)C1,False,True
500.0,205,[*]c1ccc(Oc2ccc(C(=O)c3ccc(P(=O)(c4ccc(Cc5ccc([*])(F)F)cc5C(F)(F)F)cc4)cc3)cc2)ccc1,False,True
500.0,206,[*]C(=O)c1ccc(C(=O)c2ccc(-c3ccc(C([*])(C)C)cc3)cc2)cc1,True,True
500.0,207,[*]O[Si]([*])(C)CCCCOc1ccc2cc(c1)C(=O)N(c1ccc(/N=N/c3cc(CC#N)cc4)cc1)C2=C2,False,True
500.0,208,[*]CC([*])(C)C(=O)OCCCCCN(C)c1ccc(Oc2cccc(C(C)(C)C)cc2)cc1,False,True
500.0,209,[*]Oc1ccc(Br)c(C(=O)N(c2ccc(Oc3ccc(-c4ccc(N5C(=O)c6cccc([*])cc6C5=O)cc4)cc3)C2=O)cc1,False,True
500.0,210,[*]Oc1ccc(-c2nnc(C(=O)c3ccc(Oc4ccc(-c5ccc6ccc(Oc6ccc8oc(=O)c8c([*])cc8cc6)ccc68ccc5)ccc4)cc3)cc2c1,False,True
500.0,211,[*]c1ccc2c(c1)C(=O)N(c1ccc(OCCCCCCC(=O)Nc3ccccc([*])cc3C(=O)cc3C2=O)cc1)CBr,False,True
500.0,212,[*]c1ccc(-c2nc3cc(CCCCCCCCCCCC)cc([*])cc3[n+](=O)[N+])cc2)c1,False,True
500.0,213,[*]C(=O)NC(=O)c1ccc(C(=O)c2ccc(OCC(=O)c3ccc(C([*])=O)cc3C(=O)CCC(C(C)C)cc2)c(C)(C)C)c1,False,True
500.0,214,[*]Nc1ccc(S(=O)(=O)c2ccc(NC(=O)C(=O)NC([*])=O)cc2C1=O,False,True
500.0,215,[*]Oc1ccc(-c2ccc(Oc3ccc(-c4ccc(Oc5nnc(-c6cccc(Oc7ccc(-c7cccccc8)cc(Oc9ccc(NC([*])=O)cc9cccccc7)cc7)ccc6-cc7cccccc6)c5-ccc5c5cc4)cc4)ccc3)cc3)ccccc2)cc1,False,True
500.0,216,[*]C1C(=O)N(CCCCC)CCCN1C(=O)CC1C(=O)C2C(=O)(C([*])C1,False,True
500.0,217,[*]CC([*])(C)C(=O)OCCOCCCOc1ccc(C(=O)Oc2ccc(OC(=O)OCCOC)cc2)cc1,True,True
500.0,218,[*]C=CC1CCCC(=O)OCC(=O)C(c2ccc(C(=O)Oc3ccc([*])c4cccc5c(c4)C(=O)OC(C)C)CC3Occ2)cc1Br,False,True
500.0,219,[*]C(=O)c1ccc2c(c1)C(=O)N(c1cccc(Cc3ccc(N4C(=O)c5ccc(C([*])(C)C)cc5C4=O)c3)cc1)C2=O,False,True
500.0,220,[*]C=Cc1cccc(/N=C/[Si](C#N)(C)C)cc1[*],False,True
500.0,221,[*]C(=O)c1ccc2c(c1)C(=O)N(c1cccc(OCCCOCCOP(=O)(=O)(OC)c3ccc(N4C(=O)c5ccc(Oc6cc(NC([*])=O)ccc6C5=O)cc4)c3)c1)C2=O,False,True
500.0,222,[*]Nc1ccc(S(=O)(=O)Nc2ccc(OCCO)cc(NC(=O)c3ccc(S(=O)(=O)c4ccc(C([*])=O)cc3)c2)c1,False,True
500.0,223,[*]c1ccc(Oc2ccc(-c3ccc(Oc4ccc(-c5ccc(Oc6ccc8c(c8)cc(Oc8ccc(-c9cccc([*])cc8)ccc6)cc6)ccc5)ccc4)c3)cc2)C(C)cc1,False,True
500.0,224,[*]C(=O)Nc1ccc(Oc2cccc(NC(=O)c3cc(C(=O)c4ccc(Oc5ccc([*])cc6C5=O)cc4)cc3)ccc2)cc1,False,True
500.0,225,[*]OCCCCCCCCCCOc1ccc(N2C(=O)c3ccccc3C(=O)N(c3cccccc3)C(=O)N(c3ccc([*])C4=O)C3=O)ccc2C1=O,False,True
500.0,226,[*]c1ccc(Oc2ccc(-c3nc(-c4ccc(C([*])(C)CCC)cc4)cc3)cc2)cc1,False,True
500.0,227,[*]c1ccc(Oc2ccc(C(=O)Oc3ccc(C([*])(C)C)cc3)cc2)c(C#N)cc1,False,True
500.0,228,[*]Cc1ccc(OC(=O)CC(=O)C([*])C1,False,True
500.0,229,[*]Oc1ccc(C(c2ccc(Oc3cccc4c(c3)C(=O)N(c3ccc(C([*])=O)cc4)cc3)cc1)C(=O)N(C(=O)O)CCCCCCO)c(CCCCCC)(C(C5)CCl)cc(C(C(F)(F)F)(F)(F)C(F)(F)F)C(F)F)(F)C(F)(F)C(F)C(F)C(F)F)F)C(F)C1,False,True
500.0,230,[*]CC([*])(C)C(=O)OCC(C)(C)C(=O)OCc1ccc(N(C)c2ccc(OC(=O)(C)C)cc1,False,True
500.0,231,[*]c1cc(CCCCCCCC)cc(OCCC(/C#N)c2ccc([*])cc2OC#N)cc1,False,True
500.0,232,[*]OCCCCCCOC(=O)C(=O)NC([*])COC1,False,True
500.0,233,[*]Nc1ccc(Oc2ccc(C(=O)Nc3ccc(Oc4ccc(NC(=O)c5ccc(C(c6ccc(Oc7cc(NC(=O)c7ccc(Oc8cccc(C([*])=O)ccc8C9=O)c7)cc6)cc6)c5)ccc4)ccc3)c2)ccc1,False,True
500.0,234,[*]CC1C(C)CC(=O)NC(=O)OC1CC([*])=O,True,True
500.0,235,[*]Oc1ccc(NC(=O)c2cccc(C(=O)Nc3ccc(Oc4ccc(NC(=O)Nc5ccc(Oc6ccc(C([*])=O)cc6)cc5)cc4OC5=O)cc3)ccc2)c1,False,True
500.0,236,[*]CC([*])(C)C(=O)OCCCCCCCCCCOc1ccc(/N=C/c2ccc(OCCOCCCCC(CC)C)cc2)cc1,True,True
500.0,237,[*]C(=O)c1cccc(N2C(=O)c3ccc(Oc4ccc(C(=O)c5ccc(-c6ccc(Oc7ccc(S([*])(=O)=O)=O)cc7cccc(Oc7ccc(-c7cccccccc8)cc7)cccc6)c5)cc4)cc3)cc2)c1,False,True
500.0,238,[*]Nc1ccc(C(=O)OC(=O)c2cc(C(=O)OCCC(C)(C)C(=O)OCCCOc3ccc(OC([*])=O)cc3)cc2)cc1,False,True
500.0,239,[*]CCCCCCCCCCC(=O)NNCCCNC([*])=O)c1cccc1)CC1,False,True
500.0,240,[*]CC([*])(C)C(=O)OC1CCC1CC(C)C2CC(CC3CC2C1C(C3)C(N2C(C)=O)C32)cc1C(=O,False,True
500.0,241,[*]Oc1ccc2c(c1)C(=O)Oc1ccc(OCC(=O)c3ccc(C([*])(C)C)cc3)cccc2)cc1,False,True
500.0,242,[*]Oc1ccc(Oc2ccc(Oc3ccc(-c4ccccc5c(c4)C(=O)N(c4ccc(Oc6cccc(Oc7ccc([*])cc8)cc7)ccc6C6=O)cc5)cc3)cc2)cc1,False,True
500.0,243,[*]c1ccc(C(=O)NCC(=O)Nc2ccc(S(=O)(=O)c3ccc(C([*])=O)C3=O)cc2)cc(N3C)c1,False,True
500.0,244,[*]C=Cc1ccc(/C=C/C2CCCCCCCCC4CCCCC(=O)C(CCC(=O)N([*])CCCCCCC3)cc2-2ccccccccc1CCC2,False,True
500.0,245,[*]COc1ccc(C([*])C(C)C)cc1,True,True
500.0,246,[*]c1ccc(OC(=O)Nc2ccc(CCOc3ccc(C([*])(C)C)cc3)cc2)cc1,True,True
500.0,247,[*]N=P([*])(NC(=O)Oc1ccc(Oc2cccc(C(=O)Oc3cccc([N+](=O)[N+](=O)[O-])c3)c(C)cc2)c1,False,True
500.0,248,[*]C=Cc1cccc(Oc2ccc(=N/c3ccc(NC(=O)Oc4cccc5c(c5)C(=O)N(c5cc([*])cc5C(C)(C)CC)cc4)cc3C2=O)cc1,False,True
500.0,249,[*]CCCCCCC(=O)NCCn1CCCC1C1[*],False,True
500.0,250,[*]=Nc1ccc(OC(=O)c2ccc(-c3ccc(-c4ccc(C([*])(C)C)=C)c4)ccc3CCCC2=C)ccc1,False,True
500.0,251,[*]CC([*])(C)C(=O)Oc1ccc(/N=C/c2ccc(OC=C(C)OC(=O)Oc3ccc(/N=N/c4cc(OCCC)cc4)cc3)c2c1,False,True
500.0,252,[*]c1ccc(-c2ccc(-c3ccc(OCCCCCCC)cc([*])cc3OCCCC,False,True
500.0,253,[*]C(=O)c1ccc2c(c1)C(=O)N(c1cccc(OCCCCCC([*])(C)C)c1)C(Cl)C1)C2,False,True
500.0,254,[*]OC(=O)C1CCC(=O)NCCCCNC([*])C(=O)C12CC(C)C2)C1,False,True
500.0,255,[*]c1ccc(-c2ccc(-c3ccc(OCCC)cc(-c4cc(OCC(=O)c5ccc6c([*])C6=O)cc5)cc4)cc3)cc2)cc1,False,True
